playlist_id,song_id,order_number
70,229,0
34,519,0
124,234,0
39,417,0
104,98,0
92,263,0
57,151,0
7,74,0
31,314,0
100,457,0
116,390,0
66,234,0
58,313,0
116,135,1
119,57,0
11,29,0
47,465,0
33,432,0
144,171,0
131,232,0
117,25,0
107,188,0
59,108,0
89,506,0
129,328,0
112,209,0
89,369,1
123,7,0
127,173,0
81,62,0
34,444,1
72,84,0
82,105,0
131,40,1
14,27,0
148,331,0
54,401,0
41,254,0
118,1,0
94,81,0
13,25,0
114,207,0
84,412,0
98,441,0
47,297,1
12,174,0
121,473,0
42,274,0
52,444,0
78,419,0
77,304,0
26,434,0
138,218,0
82,351,1
100,82,1
55,391,0
116,350,2
139,457,0
39,335,1
96,340,0
29,365,0
110,315,0
7,227,1
57,432,1
12,72,1
77,497,1
138,379,1
128,47,0
40,91,0
53,214,0
103,412,0
76,122,0
106,318,0
27,234,0
18,51,0
13,524,1
70,371,1
58,348,1
52,301,1
145,346,0
44,35,0
77,489,2
128,60,1
7,245,2
129,390,1
125,308,0
35,452,0
82,124,2
47,169,2
76,26,1
81,437,1
138,159,2
138,82,3
128,143,2
107,352,1
7,81,3
58,307,2
66,490,1
41,214,1
80,114,0
87,429,0
87,104,1
83,483,0
55,317,1
108,185,0
107,199,2
137,246,0
84,293,1
148,234,1
31,279,1
14,307,1
96,2,1
24,520,0
61,117,0
75,154,0
4,332,0
105,526,0
47,462,3
112,351,1
81,333,2
103,138,1
90,248,0
93,99,0
127,146,1
37,464,0
65,514,0
20,205,0
105,86,1
103,217,2
11,369,1
102,104,0
110,400,1
116,469,3
58,99,3
20,388,1
75,122,1
5,446,0
104,315,1
18,379,1
112,372,2
97,345,0
84,113,2
16,148,0
97,472,1
75,518,2
85,337,0
107,135,3
1,377,0
12,229,2
6,436,0
108,512,1
98,419,1
143,14,0
114,483,1
141,387,0
129,146,2
8,159,0
146,56,0
113,274,0
58,332,4
146,179,1
72,250,1
3,287,0
20,406,2
109,81,0
10,453,0
109,403,1
116,284,4
21,227,0
90,207,1
28,447,0
83,343,1
125,318,1
45,153,0
12,90,3
119,20,1
99,183,0
22,463,0
95,406,0
146,15,2
138,388,4
72,337,2
60,416,0
94,221,1
6,346,1
146,83,3
13,397,2
14,511,2
94,54,2
20,422,3
129,277,3
119,65,2
101,321,0
31,130,2
80,479,1
37,27,1
145,408,1
110,179,2
130,313,0
11,172,2
27,123,1
3,327,1
118,250,1
111,381,0
132,314,0
131,373,2
42,384,1
67,353,0
94,329,3
129,272,4
63,373,0
31,118,3
122,507,0
42,269,2
100,443,2
146,294,4
39,400,2
116,348,5
80,426,2
26,220,1
68,402,0
84,92,3
45,365,1
24,314,1
85,45,1
43,131,0
109,76,2
7,141,4
109,393,3
78,402,1
46,370,0
8,241,1
3,297,2
145,63,2
58,384,5
137,284,1
16,46,1
26,412,2
68,316,1
21,85,1
25,123,0
73,486,0
110,293,3
5,101,1
94,201,4
12,297,4
18,521,2
55,202,2
52,166,2
58,15,6
67,16,1
78,36,2
120,410,0
96,280,2
57,79,2
128,104,3
35,186,1
9,487,0
135,469,0
46,58,1
32,335,0
2,150,0
20,75,4
97,159,2
38,7,0
72,464,3
146,370,5
106,398,1
81,170,3
16,496,2
129,117,5
97,516,3
38,119,1
9,44,1
115,144,0
125,63,2
27,4,2
56,199,0
110,225,4
86,308,0
18,270,3
37,494,2
67,88,2
41,195,2
2,118,1
46,482,2
65,22,1
40,369,1
18,501,4
46,21,3
126,444,0
124,45,1
129,166,6
11,13,3
57,127,3
46,433,4
110,47,5
32,397,1
111,124,1
9,11,2
102,324,1
71,401,0
24,385,2
10,242,1
99,201,1
98,30,2
76,188,2
59,147,1
100,309,3
74,379,0
140,169,0
134,285,0
59,392,2
118,443,2
105,238,2
45,8,2
94,236,5
61,218,1
136,316,0
54,505,1
131,399,3
44,297,1
5,58,2
139,86,1
120,95,1
97,252,4
59,157,3
77,123,3
50,168,0
122,245,1
123,347,1
88,272,0
12,200,5
20,138,5
35,261,2
109,81,4
15,407,0
25,392,1
132,388,1
97,112,5
4,264,1
38,97,2
6,137,2
16,350,3
58,474,7
141,492,1
87,241,2
9,32,3
84,10,4
16,54,4
10,402,2
63,145,1
71,119,1
143,97,1
64,100,0
16,321,5
90,497,2
44,272,2
27,171,3
46,286,5
107,390,4
1,42,1
110,368,6
115,25,1
59,183,4
49,504,0
92,182,1
39,317,3
147,337,0
56,394,1
67,253,3
12,205,6
136,1,1
91,420,0
74,198,1
104,365,2
30,451,0
113,324,1
8,432,2
136,253,2
43,104,1
138,313,5
75,143,3
83,515,2
106,426,2
2,412,2
128,3,4
117,511,1
51,145,0
119,193,3
10,126,3
5,39,3
35,440,3
134,496,1
43,98,2
31,369,4
8,336,3
126,517,1
85,479,2
25,54,2
79,517,0
147,330,1
138,151,6
11,295,4
112,429,3
73,406,1
117,179,2
2,423,3
133,479,0
133,398,1
33,301,1
32,219,2
45,428,3
62,412,0
124,149,2
126,447,2
84,245,5
10,126,4
3,454,3
136,524,3
108,155,2
55,84,3
82,195,3
134,442,2
12,397,7
25,223,3
54,516,2
99,22,2
91,164,1
120,194,2
45,65,4
123,275,2
80,236,3
18,247,5
43,2,3
107,209,5
71,28,2
44,23,3
88,405,1
21,485,2
63,401,2
2,190,4
64,307,1
72,255,4
35,138,4
130,130,1
115,284,2
140,230,1
22,477,1
84,498,6
30,93,1
137,166,2
4,273,2
26,451,3
91,209,2
138,117,7
134,377,3
24,506,3
37,367,3
139,77,2
9,347,4
80,246,4
26,265,4
46,280,6
137,236,3
91,427,3
135,90,1
23,447,0
10,309,5
75,523,4
88,512,2
127,507,2
78,49,3
7,332,5
42,281,3
126,288,3
98,220,3
103,518,3
18,467,6
55,329,4
63,526,3
129,502,7
105,381,3
18,475,7
41,89,3
20,376,6
28,148,1
95,97,1
10,266,6
119,268,4
82,128,4
137,314,4
12,525,8
54,72,3
99,422,3
36,417,0
2,264,5
73,363,2
46,397,7
40,311,2
49,187,1
97,496,6
3,82,4
99,305,4
6,289,3
96,56,3
108,278,3
70,301,2
41,357,4
62,247,1
141,381,2
10,414,7
90,339,3
107,411,6
122,509,2
51,23,1
6,217,4
46,101,8
119,76,5
121,70,1
23,407,1
102,504,2
85,454,3
15,325,1
6,37,5
130,341,2
137,155,5
96,73,4
17,116,0
12,249,9
126,47,4
119,443,6
62,462,2
144,163,1
34,136,2
41,139,5
6,390,6
68,297,2
56,156,2
94,62,6
115,6,3
69,85,0
52,247,3
19,241,0
76,338,3
120,474,3
143,90,2
108,370,4
122,220,3
85,107,4
17,247,1
47,67,4
13,222,3
57,237,4
43,320,4
17,177,2
108,8,5
81,326,4
26,363,5
39,343,4
20,104,7
120,106,4
126,445,5
112,193,4
15,111,2
19,468,1
129,504,8
132,515,2
5,284,4
62,152,3
144,343,2
6,327,7
81,280,5
9,377,5
87,466,3
53,125,1
2,207,6
142,244,0
130,494,3
5,434,5
144,290,3
77,207,4
51,373,2
69,361,1
44,478,4
53,431,2
100,370,4
43,482,5
126,149,6
147,129,2
85,281,5
63,178,4
125,327,3
130,243,4
61,438,2
51,223,3
100,96,5
40,57,3
93,258,1
108,374,6
138,389,8
129,471,9
34,373,3
108,201,7
138,445,9
120,517,5
136,460,4
107,453,7
124,277,3
15,45,3
74,246,2
93,138,2
88,87,3
106,391,3
103,381,4
134,264,4
98,145,4
31,319,5
23,48,2
68,513,3
26,420,6
76,75,4
27,388,4
53,473,3
16,502,6
47,450,5
54,471,4
144,265,4
88,336,4
111,54,2
137,350,6
74,236,3
148,11,2
115,167,4
10,493,8
62,130,4
45,446,5
43,211,6
36,64,1
73,277,3
50,368,1
66,500,2
29,131,1
46,240,9
43,77,7
117,272,3
76,199,5
72,345,5
137,63,7
10,326,9
19,6,2
57,316,5
48,348,0
147,277,3
125,286,4
15,519,4
112,87,5
64,336,2
128,429,5
7,336,6
10,294,10
46,321,10
104,171,3
104,440,4
71,361,3
110,114,7
37,41,4
106,520,4
45,94,6
2,390,7
16,345,7
50,79,2
6,352,8
102,284,3
33,72,2
122,155,4
49,340,2
20,346,8
64,295,3
1,492,2
76,12,6
121,104,2
21,310,3
119,20,7
50,510,3
75,92,5
130,194,5
88,247,5
142,20,1
147,473,4
93,517,3
36,389,2
29,76,2
105,387,4
118,52,3
35,522,5
36,181,3
82,218,5
27,389,5
90,427,4
65,442,2
97,358,7
14,415,3
103,477,5
80,25,5
43,174,8
142,440,2
120,17,6
60,195,1
128,215,6
20,98,9
111,181,3
57,277,6
1,38,3
103,172,6
121,209,3
67,79,4
123,361,3
53,189,4
103,213,7
13,221,4
24,143,4
70,262,3
75,253,6
65,312,3
66,362,3
51,138,4
146,293,6
109,45,5
66,444,4
114,326,2
22,103,2
44,402,5
26,435,7
148,488,3
47,400,6
89,207,2
50,155,4
71,321,4
5,223,6
115,336,5
109,13,6
24,241,5
148,54,4
91,488,4
83,328,3
97,361,8
133,282,2
139,359,3
119,227,8
99,68,5
143,373,3
122,463,5
136,34,5
92,216,2
127,267,3
67,256,5
71,188,5
35,3,6
83,111,4
145,183,3
10,510,11
12,251,10
20,434,10
20,65,11
90,128,5
92,282,3
107,196,8
108,307,8
132,198,3
131,490,4
5,351,7
70,251,4
59,54,5
90,454,6
104,324,5
122,71,6
73,487,4
136,248,6
127,55,4
139,48,4
107,133,9
28,26,2
72,358,6
80,247,6
105,307,5
110,7,8
25,204,4
68,245,4
66,165,5
102,503,4
59,303,6
26,303,8
146,277,7
6,346,9
15,288,5
36,376,4
107,122,10
121,65,4
7,153,7
40,56,4
116,11,6
21,270,4
73,159,5
14,273,4
126,228,7
99,502,6
5,410,8
40,225,5
133,264,3
40,152,6
44,524,6
6,432,10
3,519,5
79,441,1
66,121,6
13,31,5
93,398,4
2,121,8
11,116,5
104,101,6
58,116,8
112,283,6
110,403,9
73,199,6
73,46,7
25,44,5
46,117,11
68,253,5
78,66,4
113,115,2
39,485,5
140,425,2
121,425,5
118,438,4
23,355,3
7,313,8
22,177,3
128,255,7
129,505,10
38,211,3
123,65,4
69,128,2
124,390,4
20,68,12
5,197,9
94,261,7
135,86,2
120,407,7
46,390,12
134,422,5
64,179,4
13,305,6
87,427,4
125,223,5
92,225,4
44,403,7
11,249,6
106,296,5
73,407,8
70,229,5
119,257,9
148,366,5
129,176,11
128,472,8
119,318,10
120,425,8
73,419,9
57,35,7
54,140,5
74,149,4
117,65,4
138,204,10
134,218,6
76,471,7
80,100,7
16,313,8
121,57,6
43,390,9
84,99,7
82,212,6
50,525,5
143,74,4
82,216,7
75,463,7
52,515,4
133,133,4
117,319,5
67,44,6
118,173,5
16,112,9
25,497,6
75,84,8
92,394,5
147,350,5
76,179,8
81,17,6
85,102,6
147,362,6
25,429,7
27,506,6
93,325,5
15,356,6
113,203,3
140,140,3
77,208,5
124,371,5
48,147,1
131,285,5
100,216,6
23,525,4
105,441,6
120,266,9
44,236,8
33,211,3
32,69,3
14,259,5
41,204,6
119,30,11
71,228,6
38,400,4
136,237,7
14,526,6
24,513,6
61,31,3
98,318,5
24,457,7
32,445,4
105,188,7
5,456,10
103,108,8
99,41,7
7,389,9
77,190,6
143,7,5
65,87,4
106,382,6
95,176,2
84,221,8
146,413,8
124,128,6
140,367,4
91,501,5
85,133,7
54,168,6
109,126,7
144,207,5
125,80,6
1,474,4
146,9,9
60,257,2
82,407,8
12,345,11
52,262,5
51,145,5
28,295,3
38,334,5
13,86,7
2,443,9
19,474,3
148,375,6
33,133,4
31,441,6
40,162,7
119,416,12
79,494,2
145,332,4
58,275,9
147,475,7
129,78,12
5,117,11
54,197,7
134,4,7
20,210,13
103,86,9
15,367,7
70,16,6
147,367,8
147,153,9
134,402,8
121,440,7
94,110,8
77,465,7
81,446,7
123,220,5
63,461,5
100,260,7
108,199,9
29,82,3
112,86,7
125,186,7
61,26,4
5,153,12
99,496,8
43,49,10
114,318,3
58,443,10
10,477,12
91,140,6
104,330,7
38,432,6
113,303,4
123,131,6
65,477,5
104,183,8
50,79,6
11,291,7
133,524,5
76,448,9
13,384,8
71,29,7
77,497,8
8,327,4
46,493,13
90,361,7
101,359,1
91,302,7
73,441,10
95,478,3
139,194,5
42,144,4
114,211,4
133,85,6
148,409,7
90,285,8
84,180,9
68,49,6
122,98,7
5,203,13
20,27,14
88,460,6
52,452,6
16,460,10
110,49,10
148,158,8
57,93,8
84,492,10
25,259,8
67,507,7
87,121,5
13,24,9
97,243,9
106,486,7
60,357,3
39,4,6
86,407,1
86,496,2
125,467,8
21,321,5
81,252,8
70,390,7
10,285,13
27,429,7
90,15,9
33,413,5
89,281,3
40,442,8
63,384,6
72,129,7
27,489,8
133,106,7
113,254,5
29,213,4
114,110,5
84,80,11
107,355,11
110,328,11
123,25,7
69,526,3
11,218,8
58,448,11
15,189,8
73,374,11
134,26,9
4,157,3
89,34,4
47,464,7
48,293,2
139,87,6
75,264,9
39,344,7
88,232,7
109,471,8
49,378,3
63,318,7
127,308,5
139,376,7
51,147,6
103,425,10
105,164,8
46,249,14
135,523,3
28,291,4
4,45,4
4,404,5
61,278,5
77,296,9
77,211,10
87,465,6
48,331,3
9,131,6
141,91,3
139,150,8
102,164,5
56,418,3
130,387,6
106,522,8
8,30,5
95,159,4
137,490,8
17,263,3
45,7,7
26,381,9
10,306,14
64,69,5
63,302,8
99,448,9
76,470,10
116,108,7
15,283,9
139,448,9
125,512,9
127,1,6
33,278,6
47,226,8
4,128,6
43,391,11
112,135,8
97,383,10
140,430,5
65,113,6
48,269,4
83,504,5
111,397,4
68,23,7
94,62,9
136,510,8
9,11,7
129,25,13
34,377,4
45,454,8
64,389,6
86,482,3
130,126,7
135,159,4
62,137,5
138,362,11
117,347,6
66,78,7
99,5,10
92,48,6
110,365,12
92,38,7
85,439,8
35,253,7
111,199,5
24,275,8
83,108,6
110,164,13
138,362,12
35,125,8
138,323,13
51,435,7
129,64,14
148,91,9
96,501,5
72,385,8
47,124,9
66,452,8
21,330,6
112,392,9
103,221,11
102,86,6
119,514,13
49,197,4
81,350,9
64,387,7
34,240,5
41,130,7
71,135,8
144,303,6
12,100,12
22,410,4
47,76,10
124,520,7
89,70,5
37,375,5
148,292,10
59,379,7
133,193,8
63,380,9
54,424,8
97,339,11
129,302,15
110,164,14
119,325,14
120,336,10
38,308,7
147,299,10
145,514,5
78,510,5
115,492,6
25,215,9
125,312,10
124,69,8
21,186,7
57,120,9
50,62,7
34,447,6
47,267,11
32,46,5
4,495,7
100,363,8
85,316,9
70,216,8
99,263,11
104,240,9
109,417,9
56,323,4
127,364,7
61,392,6
148,281,11
19,14,4
144,357,7
119,440,15
141,410,4
123,217,8
104,6,10
123,161,9
64,452,8
32,298,6
29,386,5
7,80,10
145,449,6
69,271,4
41,509,8
100,526,9
116,57,8
82,370,9
121,145,8
20,457,15
55,52,5
50,4,8
62,195,6
80,205,8
135,374,5
66,81,9
30,415,2
7,234,11
99,396,12
133,372,9
19,109,5
11,13,9
86,356,4
71,160,9
33,266,7
91,74,8
144,357,8
58,333,12
4,507,8
93,501,6
74,325,5
77,465,11
145,312,7
135,387,6
114,293,6
103,176,12
33,382,8
38,378,8
9,130,8
4,372,9
81,52,10
128,478,9
20,348,16
3,470,6
111,417,6
12,480,13
58,401,13
141,91,5
57,498,10
129,471,16
127,379,8
101,300,2
46,152,15
53,318,5
128,48,10
116,5,9
10,455,15
110,52,15
128,101,11
35,144,9
119,177,16
71,69,10
76,292,11
142,341,3
122,323,8
28,378,5
14,464,7
85,207,10
138,30,14
