song_id,user_id
204,26
341,20
333,4
458,3
39,1
433,1
252,45
47,23
456,18
488,23
492,19
300,10
345,17
483,7
499,49
373,28
428,14
272,11
212,23
361,9
345,14
478,33
209,18
227,14
443,44
59,50
525,41
273,41
140,18
279,40
19,25
518,13
319,3
33,33
105,13
406,17
256,32
483,40
270,8
53,33
429,31
68,9
247,23
387,21
32,31
306,45
359,36
153,26
378,5
318,48
18,9
238,40
324,12
150,37
283,44
514,28
144,24
489,1
481,32
253,29
197,43
163,12
30,42
14,7
494,15
104,14
366,6
20,11
228,46
196,36
288,35
304,26
430,32
414,27
289,39
439,18
512,31
125,14
322,19
371,36
468,34
460,30
177,39
398,30
207,46
508,16
68,11
10,29
139,38
523,32
381,22
123,11
275,8
48,29
361,35
348,25
256,22
1,11
338,18
267,49
309,28
57,34
294,4
18,39
517,21
159,4
498,45
151,30
124,10
15,30
237,20
175,18
433,2
468,11
351,40
466,38
27,20
448,10
225,42
116,9
325,23
161,33
38,48
209,41
420,28
137,6
198,37
175,39
313,43
471,29
189,36
401,6
358,48
96,9
181,44
182,17
350,2
77,50
200,24
57,12
298,38
367,36
153,25
271,27
45,50
251,36
333,21
51,2
352,11
397,10
137,21
352,6
373,42
170,31
362,8
519,13
248,43
364,44
325,43
289,29
116,8
153,3
359,49
85,46
140,21
507,38
61,23
484,8
447,18
505,41
241,30
312,48
524,1
2,16
121,22
220,49
474,46
491,47
378,36
257,47
172,34
171,18
434,26
497,30
428,48
116,23
526,8
76,23
86,40
13,36
131,49
348,1
96,8
463,11
320,19
423,11
188,44
135,6
316,48
118,47
334,46
267,32
369,41
485,8
121,50
29,29
107,31
438,1
74,10
453,18
360,12
129,40
433,21
60,40
441,24
14,45
81,33
497,7
500,48
250,40
455,18
260,50
360,49
250,21
188,49
346,45
279,4
445,25
456,29
86,30
359,42
166,32
481,3
290,27
223,23
425,34
266,6
292,22
233,9
288,10
462,11
325,33
525,47
14,41
435,5
219,36
174,27
338,48
338,36
406,20
376,37
432,28
402,2
190,37
18,20
343,41
419,30
351,47
498,41
300,14
494,30
115,43
412,16
132,45
296,10
48,13
427,35
435,29
389,8
10,41
222,5
489,48
269,41
94,36
364,27
442,50
8,19
136,12
414,10
117,21
462,34
95,36
254,28
499,39
296,23
201,40
504,25
360,46
242,13
346,39
166,13
470,37
443,23
360,44
380,43
174,14
25,22
26,10
68,46
135,12
23,46
417,46
524,13
466,49
386,11
162,8
413,22
117,33
129,10
57,33
240,33
137,17
67,21
448,38
11,37
130,21
438,25
66,40
328,37
115,12
293,34
84,46
23,45
473,2
279,35
64,46
484,44
315,35
375,12
390,7
520,32
169,18
368,45
114,11
234,6
102,18
10,43
147,48
62,21
44,29
269,30
505,37
59,33
382,4
357,10
19,18
185,33
221,4
297,38
267,46
87,32
232,15
13,16
522,9
218,31
126,16
382,29
466,3
142,9
218,14
513,41
50,32
154,10
39,25
242,39
157,26
264,44
87,16
292,20
60,33
280,1
466,37
298,2
249,34
293,18
293,32
255,42
312,14
247,1
136,39
142,26
430,31
68,25
78,50
519,2
288,29
229,14
473,15
516,10
438,8
390,17
499,37
30,47
448,42
200,41
159,13
214,9
160,33
213,14
58,36
212,32
1,6
431,32
421,41
126,49
7,28
127,8
93,12
141,18
124,46
346,24
32,14
170,40
134,19
45,43
378,19
290,5
388,38
134,2
257,8
206,45
380,4
353,45
124,34
471,12
203,14
231,2
252,3
318,20
44,6
85,42
170,2
221,11
111,37
51,3
9,8
150,25
255,48
196,44
474,41
34,37
433,37
179,1
159,48
98,49
280,2
404,50
478,3
464,46
526,4
66,46
233,18
323,42
76,5
95,18
79,7
96,22
258,46
48,49
338,44
230,27
379,36
485,6
147,46
30,44
299,13
247,44
210,7
390,30
145,14
497,45
50,18
203,22
194,15
365,3
171,44
524,28
156,13
299,37
423,29
62,27
87,37
365,23
476,38
212,50
332,34
299,29
278,48
464,49
147,5
219,45
68,23
342,18
102,3
280,45
225,26
33,17
203,8
381,50
443,50
456,2
229,29
129,42
411,11
419,12
509,35
361,38
138,43
321,20
107,19
325,4
33,21
199,14
338,12
306,2
394,35
312,44
474,23
479,20
96,30
10,42
486,35
385,27
333,8
108,32
196,35
390,20
508,46
259,27
262,8
139,19
93,14
434,50
329,22
430,12
393,20
157,47
393,2
359,44
374,1
61,50
13,28
438,23
12,50
430,4
396,17
18,5
352,4
466,21
94,15
230,17
315,29
319,36
159,5
128,24
371,18
113,49
335,2
302,40
46,47
200,34
326,48
210,16
295,6
118,34
380,19
73,44
64,49
280,42
356,23
512,27
138,44
384,16
400,24
511,31
65,11
382,39
509,20
388,3
525,49
455,49
9,4
516,32
246,13
474,32
422,25
489,25
202,6
405,19
294,17
523,36
358,11
202,22
340,38
21,13
304,45
47,12
336,23
47,11
2,40
288,46
85,50
68,40
130,18
439,46
34,1
43,43
484,35
459,9
93,6
112,14
111,7
430,10
471,7
399,48
508,27
496,8
417,49
197,50
413,3
455,20
99,21
367,39
257,17
370,35
194,29
501,46
483,25
275,21
81,39
24,18
106,36
55,26
76,42
6,18
502,32
50,12
203,19
454,33
334,27
316,43
164,21
352,30
266,13
97,16
451,49
432,20
254,41
308,31
230,40
292,37
28,17
18,1
71,47
356,44
312,42
13,4
358,18
89,21
68,26
149,28
227,16
489,20
193,34
202,42
514,12
339,30
26,7
307,9
94,34
513,32
205,23
93,27
101,14
190,13
40,6
95,28
267,43
327,18
431,11
249,22
111,16
173,22
101,5
299,43
194,23
31,39
171,4
397,36
49,7
149,16
378,13
479,40
257,7
89,32
360,8
326,1
188,14
121,31
496,34
24,5
502,41
418,10
146,39
455,24
209,19
81,18
179,15
338,7
341,10
186,8
430,3
99,17
422,16
497,21
178,6
456,47
298,29
165,2
261,7
196,3
43,9
208,2
126,30
439,9
164,37
122,35
287,36
498,5
425,35
466,36
382,30
378,21
349,23
98,44
130,45
513,22
462,21
381,24
311,25
64,21
293,39
27,7
347,46
40,46
271,23
289,31
258,23
70,23
454,48
39,35
165,37
204,31
350,43
180,41
191,13
245,31
454,22
342,30
28,1
414,48
194,46
181,48
343,40
303,44
98,23
93,43
225,5
128,33
9,16
448,23
388,44
306,6
381,15
466,15
467,12
312,36
224,42
198,39
131,45
261,32
244,42
135,20
491,30
63,35
482,34
463,36
395,40
58,16
25,44
343,23
525,2
449,19
474,6
220,46
426,36
259,3
112,15
207,33
485,32
458,34
301,27
222,44
372,36
126,45
497,38
435,23
324,49
126,19
195,12
319,8
3,43
507,20
312,24
446,31
352,47
139,43
8,8
370,4
5,47
299,10
1,20
150,17
163,27
242,2
188,40
477,23
70,16
381,25
298,8
202,43
1,40
110,41
275,14
323,15
423,48
426,42
214,24
203,42
186,9
386,50
299,47
30,30
194,12
66,5
260,37
175,15
99,38
24,33
252,18
350,22
224,31
448,47
154,46
78,16
328,38
481,21
122,36
514,35
328,36
181,28
380,13
228,21
6,11
166,23
289,17
278,9
392,16
273,45
465,16
347,33
497,41
91,31
338,17
59,24
4,40
176,22
220,8
148,5
291,33
58,22
100,40
435,17
416,6
30,28
62,1
178,26
57,15
6,2
372,28
185,28
494,49
111,22
285,29
305,16
351,49
95,42
18,23
123,34
204,20
26,26
252,48
73,2
80,47
296,19
10,18
125,28
41,11
12,3
484,16
408,29
51,37
106,16
75,11
496,20
406,7
355,22
408,10
40,12
469,2
8,31
76,30
143,45
476,17
346,33
16,18
212,40
154,14
269,1
376,32
70,19
347,17
348,27
9,42
292,19
428,32
106,30
321,18
504,48
192,24
30,34
217,11
319,15
370,16
212,31
481,18
102,35
97,47
9,47
518,27
343,3
267,4
490,39
483,22
473,13
275,3
294,12
281,43
423,10
185,30
401,38
414,21
241,15
194,21
401,25
143,26
90,30
310,50
484,20
404,3
227,45
58,4
256,1
187,44
501,11
235,40
137,40
384,27
134,16
183,5
216,22
177,14
127,17
520,50
113,22
378,3
394,25
435,9
117,12
334,3
329,20
129,27
466,44
32,15
146,6
234,2
477,30
138,48
128,21
82,10
226,2
378,16
415,17
239,7
196,45
149,44
292,49
111,42
433,15
130,16
324,30
239,1
477,46
81,6
80,18
309,38
96,31
191,26
369,17
413,35
302,10
232,42
336,46
51,22
282,33
514,30
492,12
301,25
523,34
55,1
513,34
102,20
154,20
449,43
197,4
96,7
252,47
25,42
86,47
189,7
470,41
205,24
310,7
209,43
57,13
352,28
276,18
507,43
214,22
514,42
180,31
244,1
482,41
207,9
281,19
261,6
316,24
34,14
488,46
380,31
71,45
139,46
91,40
26,21
154,23
100,4
171,31
450,28
310,19
53,17
95,13
294,44
523,44
425,13
398,8
45,38
263,28
331,46
62,24
142,37
35,20
46,12
393,36
78,5
354,38
524,36
507,45
447,22
501,16
225,25
468,39
421,26
176,11
495,7
415,10
488,47
449,12
371,45
181,15
29,36
109,1
77,45
506,32
207,8
215,1
316,42
414,34
338,38
503,48
416,22
197,13
486,15
151,9
227,20
422,24
454,50
84,5
313,44
134,11
230,4
199,2
507,36
344,5
351,45
517,14
401,20
171,25
192,44
12,18
339,25
238,16
396,14
420,16
273,21
434,25
305,23
137,30
177,5
205,6
383,34
264,40
166,33
27,31
87,18
225,27
175,23
46,30
208,25
431,41
103,36
247,10
317,10
430,36
221,35
233,43
236,5
475,27
40,11
225,40
49,37
406,9
110,9
305,33
55,18
513,45
301,29
253,43
146,5
249,45
177,16
439,29
199,39
239,4
225,9
89,23
103,10
19,21
183,30
250,18
185,13
136,44
210,3
492,2
78,45
138,2
213,4
441,13
155,43
249,8
66,27
495,5
183,7
31,18
197,36
355,8
446,19
263,42
342,15
419,9
380,35
194,5
100,50
283,11
423,1
45,24
284,26
285,21
8,44
244,31
351,29
460,36
499,8
10,15
181,11
82,50
376,38
96,39
210,48
360,15
109,38
133,17
433,12
265,31
128,9
8,24
526,45
59,38
84,11
235,25
401,45
233,21
183,12
306,48
255,1
335,36
13,37
184,19
9,28
47,25
522,22
343,7
147,50
253,2
297,25
315,2
519,34
495,32
77,31
17,39
51,36
388,29
322,31
14,5
2,12
61,45
372,38
178,46
382,16
23,26
444,40
495,36
196,50
302,25
259,33
39,41
282,4
403,12
214,10
71,43
496,48
511,4
160,12
279,37
249,32
256,42
88,30
462,45
126,6
341,18
522,16
276,4
450,6
430,23
200,32
464,17
502,37
397,29
376,27
317,42
406,27
521,12
230,49
430,13
110,46
68,35
85,33
157,11
493,26
260,23
386,12
170,23
345,34
445,2
153,48
93,25
103,24
399,14
486,29
515,7
399,38
81,31
168,7
220,26
488,33
462,9
287,47
367,32
364,30
260,4
154,47
135,50
74,20
500,28
369,48
164,40
164,49
412,14
511,24
476,34
35,37
301,37
80,32
377,37
174,6
206,43
474,42
434,37
118,20
374,23
357,31
302,33
375,34
428,27
480,38
206,36
455,47
445,32
124,40
286,28
486,32
107,27
491,11
190,18
181,24
204,37
411,39
499,28
397,45
157,43
149,22
495,2
216,8
111,19
408,6
458,18
185,38
453,15
390,27
395,24
42,18
473,7
242,27
104,39
347,15
338,30
385,20
41,40
266,33
244,49
201,3
382,28
459,17
31,33
175,33
286,21
495,38
417,11
482,43
217,14
53,19
212,46
503,39
197,8
456,1
75,26
496,4
494,26
349,37
324,45
96,37
450,11
262,37
6,13
237,2
383,45
393,29
2,31
86,12
394,44
479,38
494,12
198,7
500,23
127,38
246,50
488,44
508,5
216,4
43,42
425,19
41,9
497,25
466,5
313,32
346,9
417,21
74,11
342,8
89,49
218,24
271,22
197,35
363,49
485,34
275,23
68,42
328,39
26,46
287,38
388,8
429,50
70,44
78,44
498,14
328,12
106,35
196,20
193,28
496,26
435,28
403,22
158,49
439,11
451,26
176,16
407,6
295,46
64,8
486,31
269,40
10,33
71,18
401,31
255,6
434,12
488,34
316,28
251,32
486,33
153,33
331,26
21,28
1,24
265,19
300,19
427,20
378,14
83,12
125,8
163,50
385,23
375,7
362,17
103,25
10,34
152,43
223,31
207,10
167,7
2,46
191,24
177,38
502,21
488,8
452,38
244,14
96,28
380,7
68,27
288,19
311,48
500,40
438,33
67,11
163,49
340,18
297,34
168,19
399,33
28,37
302,41
14,50
405,45
440,32
277,2
52,15
416,28
346,17
136,27
483,21
439,45
327,13
102,26
25,23
356,22
222,30
501,10
111,34
150,16
170,15
341,9
349,28
376,9
225,38
119,15
415,3
83,3
334,20
202,39
27,8
31,9
350,28
319,34
499,17
38,24
490,43
46,18
443,5
125,12
277,38
266,35
500,37
277,34
162,50
342,36
269,34
354,5
328,27
62,50
186,19
297,6
445,50
14,16
393,1
467,24
407,31
89,46
54,23
98,27
204,47
9,3
318,22
168,15
321,43
236,49
233,29
34,27
25,36
217,36
51,46
307,49
239,46
122,33
166,26
443,8
92,3
129,15
464,36
484,28
207,21
330,28
137,32
139,45
100,6
472,42
234,43
189,6
105,33
214,30
222,23
182,36
48,36
215,24
272,47
481,27
412,49
14,4
259,2
289,38
6,31
177,41
411,34
269,10
146,10
30,16
163,38
470,4
411,33
312,38
385,12
92,7
324,26
69,38
440,8
362,44
507,3
346,16
286,48
86,19
61,34
417,13
73,26
285,20
286,14
392,36
515,24
139,28
232,50
310,48
463,20
203,37
29,4
502,13
512,45
31,25
274,40
306,46
449,41
291,5
413,18
444,48
90,49
511,11
467,31
483,48
157,7
406,33
465,6
453,5
297,22
195,32
350,4
456,6
440,17
177,21
255,19
360,40
186,32
509,9
414,17
65,32
199,9
389,31
48,21
282,21
165,43
379,27
426,41
379,38
346,46
347,10
189,27
376,23
470,50
368,4
374,36
475,33
478,24
236,50
393,31
495,22
71,15
159,43
136,35
510,29
465,2
333,42
289,15
82,42
149,1
42,9
183,19
252,14
451,23
287,48
430,38
239,35
520,14
110,17
3,40
51,27
373,21
289,37
295,1
105,17
247,49
248,15
463,46
145,47
238,47
452,28
159,38
513,40
245,18
36,36
445,37
242,29
321,49
518,24
130,17
357,33
363,45
451,32
333,32
206,41
198,24
291,38
64,34
105,32
125,25
95,5
237,31
53,7
517,29
292,27
378,32
406,44
378,8
209,35
394,1
491,17
421,1
478,45
9,29
123,26
198,19
468,48
521,28
56,43
352,40
97,38
12,11
80,9
288,16
21,23
150,49
122,41
57,19
85,9
181,50
98,48
494,38
301,18
128,50
190,36
470,42
173,37
384,32
297,42
84,34
281,20
258,43
250,1
492,23
66,8
283,36
476,50
59,8
128,34
428,11
197,23
67,28
113,9
184,11
126,5
147,37
112,31
434,14
264,29
32,29
337,28
458,43
207,34
405,4
209,11
229,15
170,9
31,49
53,39
139,1
10,23
75,4
343,31
79,45
150,46
481,40
14,12
145,11
114,15
443,30
508,18
448,37
517,46
470,30
185,3
36,30
163,48
415,6
134,25
134,43
161,42
82,25
289,19
9,21
443,9
109,46
272,38
232,32
50,26
330,9
505,6
285,5
479,41
86,43
369,21
130,31
395,22
171,47
504,40
343,39
345,40
333,9
501,41
260,35
320,32
515,33
11,41
486,12
92,44
58,32
358,45
31,22
9,23
514,43
124,19
373,31
307,18
519,11
472,5
390,47
375,41
509,13
18,45
262,18
121,37
166,40
355,39
203,43
237,46
185,46
210,20
49,41
176,29
282,39
427,18
64,45
73,24
177,50
100,7
26,48
382,43
296,24
27,11
256,44
374,15
412,12
304,9
347,30
495,46
372,44
340,11
330,5
366,25
162,42
287,17
91,12
199,17
227,6
342,47
477,24
166,11
74,37
221,18
51,18
439,39
123,49
42,6
443,36
208,39
426,39
359,48
262,45
386,44
201,33
392,9
90,7
432,4
434,29
488,48
333,35
254,49
311,12
1,27
318,24
296,43
356,11
87,22
445,43
418,7
329,14
489,12
292,14
400,29
8,40
30,43
162,36
49,43
253,13
199,43
230,48
96,41
217,15
35,28
137,47
37,25
146,9
397,8
38,38
371,23
464,32
496,2
472,9
177,9
177,46
26,13
484,48
217,39
118,25
70,29
111,18
453,30
386,19
425,25
49,9
457,8
249,48
521,50
525,28
39,20
58,28
285,25
479,46
66,41
7,11
268,22
382,21
11,17
50,33
73,25
394,31
393,30
397,4
406,13
32,48
132,13
19,10
75,43
105,18
424,47
271,48
84,17
422,1
367,3
359,5
196,14
443,18
7,8
309,48
392,6
99,19
513,38
267,30
334,26
237,29
286,33
296,6
465,41
509,19
93,45
356,8
130,29
378,25
219,1
163,40
280,32
45,15
2,19
187,2
92,28
447,30
492,22
456,4
291,22
265,17
174,17
453,22
254,5
16,20
329,4
285,35
113,35
360,9
404,31
520,27
310,15
132,23
103,38
204,25
106,47
348,46
309,23
262,16
27,37
323,14
348,6
131,17
108,5
305,7
5,39
11,20
48,41
309,46
150,43
160,21
434,23
363,19
98,45
19,36
429,39
116,20
519,20
154,48
212,8
341,42
311,29
93,1
57,30
246,49
422,12
75,36
333,24
6,3
4,19
495,37
167,18
89,29
284,36
335,35
399,30
47,19
310,38
495,10
358,8
441,35
459,28
522,4
15,46
272,26
192,11
104,26
95,1
174,16
489,7
490,49
350,33
357,6
351,17
81,25
375,15
506,29
284,34
493,30
400,13
59,35
95,47
205,9
202,24
206,32
16,45
407,26
244,15
120,46
239,13
385,10
161,31
36,9
483,47
65,24
277,11
294,27
257,44
387,33
159,41
300,15
28,21
104,47
427,15
312,6
352,46
114,27
472,10
352,43
340,5
416,18
48,20
234,29
154,13
172,15
466,33
317,12
202,46
234,46
493,6
445,29
340,19
430,19
404,6
429,34
419,14
60,47
321,36
123,28
316,16
95,50
342,9
317,27
305,27
454,15
498,35
398,23
192,8
31,30
234,4
171,42
290,8
505,10
125,31
405,28
512,42
318,43
151,29
272,18
18,3
305,17
87,4
317,25
437,28
276,40
135,9
189,33
326,38
246,16
343,10
27,44
116,6
277,45
75,48
506,25
307,34
112,5
25,8
370,31
138,45
400,21
272,45
80,2
81,24
237,6
23,39
270,2
354,24
200,16
269,15
333,19
458,9
90,50
306,49
522,39
87,45
4,10
177,12
351,41
305,1
391,50
496,46
485,38
48,44
282,27
331,40
24,4
330,3
343,43
89,9
468,3
245,26
495,45
454,14
181,34
359,29
41,7
477,18
199,11
518,40
256,38
116,14
457,39
505,32
523,18
160,2
185,34
220,5
147,35
409,1
451,11
453,26
474,36
93,44
246,22
179,4
411,1
465,31
406,22
314,7
216,44
252,7
35,33
326,32
79,41
20,21
386,13
456,16
227,3
161,38
403,45
206,39
211,35
378,49
472,22
124,31
496,15
373,9
103,16
487,18
70,3
193,36
32,2
87,8
409,16
464,28
176,42
163,21
394,26
382,26
151,43
490,45
282,22
473,38
517,32
144,26
264,1
209,27
362,10
217,24
142,30
177,19
20,33
226,36
52,46
22,36
281,27
38,29
224,40
461,47
216,24
263,29
228,23
3,13
435,15
218,22
20,9
442,35
229,17
91,9
204,44
31,13
354,33
60,46
63,38
477,44
34,39
505,38
331,43
225,43
255,44
275,12
88,41
368,14
253,24
141,1
414,50
224,10
453,28
492,50
504,16
473,19
2,6
184,32
210,41
138,37
389,36
492,29
80,14
223,43
291,14
471,49
498,49
305,34
334,13
235,12
499,4
314,44
51,8
364,7
314,43
159,12
325,12
191,49
83,25
304,39
183,9
496,6
469,7
373,15
309,10
94,44
57,23
389,37
211,30
158,14
404,4
55,41
202,38
448,14
387,28
384,29
507,37
502,36
275,27
139,17
92,43
264,35
225,13
399,9
394,21
314,12
221,16
330,44
5,38
189,9
489,46
268,30
263,37
479,44
459,7
144,35
29,11
282,38
418,34
447,3
403,25
79,5
186,3
141,38
39,4
263,49
272,42
36,45
303,31
114,3
501,7
212,38
467,50
150,50
123,3
477,27
371,49
515,9
359,4
223,34
325,16
515,22
387,13
84,23
365,18
380,50
179,50
50,29
153,22
351,39
134,45
32,19
117,22
287,35
482,2
324,19
185,23
514,6
474,8
142,13
381,5
29,44
411,49
210,10
92,30
151,21
298,45
509,4
137,1
162,33
9,10
471,27
124,13
488,11
72,34
248,44
71,44
504,9
156,22
445,9
125,32
331,15
97,46
342,31
449,2
506,26
493,50
178,22
252,31
267,27
494,33
202,49
149,6
446,47
301,14
6,6
29,49
436,49
278,25
67,34
111,26
249,17
3,27
406,28
449,22
288,4
504,23
253,27
432,16
3,32
124,48
518,26
514,33
242,10
45,9
421,47
295,48
424,29
92,16
54,26
361,34
83,34
524,18
362,42
196,21
38,32
490,8
313,9
386,33
205,16
156,19
21,7
128,18
454,16
493,22
252,46
51,38
315,1
231,50
130,25
93,7
47,49
313,46
217,22
241,50
39,10
261,9
182,50
404,34
477,47
273,17
75,37
62,11
102,16
454,9
425,1
64,44
7,13
288,7
188,47
479,4
36,10
172,43
92,12
287,10
407,44
77,46
161,43
315,26
53,40
42,31
522,18
54,20
372,7
412,48
339,15
37,12
233,22
391,47
108,28
455,7
172,7
520,33
195,3
289,42
330,18
307,44
139,32
438,43
231,32
64,26
393,11
345,33
13,6
514,45
162,34
45,25
494,41
469,41
300,13
467,18
259,10
185,42
131,34
424,33
333,46
101,19
70,34
413,17
166,25
325,3
62,37
412,22
20,4
236,39
520,24
222,47
257,31
431,19
43,49
442,22
512,34
143,19
161,10
41,10
33,47
284,8
379,14
455,14
306,9
485,47
500,43
52,16
472,50
109,43
358,50
45,37
9,22
41,49
75,33
16,15
84,32
179,6
362,37
65,39
165,13
179,49
321,8
316,25
519,39
460,27
338,39
368,41
281,39
90,3
260,19
146,28
166,17
254,45
272,22
440,30
285,18
267,1
510,48
428,19
108,18
134,20
167,13
439,24
15,34
181,8
229,19
35,49
360,39
473,35
205,19
45,20
418,23
452,30
200,27
417,32
188,20
76,15
139,39
19,45
38,18
150,22
171,10
470,17
101,12
336,35
524,39
222,50
496,24
144,40
4,34
453,17
194,41
53,20
243,8
324,33
281,49
300,12
466,45
71,41
323,39
199,45
17,47
323,43
91,24
292,30
452,19
162,25
192,30
12,17
367,38
372,43
298,27
383,3
144,3
391,3
386,39
361,40
293,14
452,9
59,23
362,41
517,9
494,27
137,37
263,5
88,39
195,18
245,45
501,35
140,9
11,16
448,12
450,23
96,13
383,32
357,37
302,28
21,32
417,43
282,31
59,14
116,49
444,31
91,2
235,34
361,48
163,30
356,3
323,25
510,49
159,6
33,42
164,20
266,29
491,41
174,22
331,45
492,14
338,1
64,1
132,31
454,12
475,6
358,42
286,11
332,40
122,2
494,1
501,48
126,10
336,11
519,50
113,14
76,13
95,11
268,9
222,49
141,34
261,13
120,48
254,32
194,43
227,17
496,21
240,12
480,39
120,3
244,36
500,9
179,46
279,47
135,29
350,21
130,15
91,20
161,35
421,9
436,5
404,11
165,15
403,41
430,50
4,33
272,40
129,6
455,3
231,6
114,4
209,47
21,38
81,26
233,27
469,20
439,20
14,1
463,12
522,17
303,28
198,10
458,40
140,4
419,33
474,4
517,31
289,44
154,41
124,45
57,42
54,47
461,2
39,37
52,23
381,9
257,5
269,19
102,12
321,31
39,2
216,19
362,4
454,37
462,5
287,39
493,3
414,9
393,22
422,22
489,8
256,18
421,12
252,39
310,2
176,32
247,45
453,11
291,29
401,14
358,28
277,15
207,18
478,29
191,33
516,35
84,4
476,43
434,3
58,21
412,43
326,49
384,24
156,41
473,8
16,6
466,10
474,22
247,4
173,38
463,13
336,32
211,11
517,33
102,31
40,49
153,36
481,4
53,46
327,31
51,11
353,14
21,2
255,34
201,2
258,7
262,5
141,32
96,23
167,22
140,44
30,39
24,43
40,50
96,11
356,12
479,32
406,36
124,47
162,46
231,31
214,50
241,18
75,2
226,22
316,3
246,24
468,18
512,20
311,43
158,7
371,41
253,9
157,3
324,41
278,18
450,31
310,4
147,27
311,33
496,39
187,36
429,2
122,34
63,40
519,8
514,41
237,14
29,25
256,49
188,50
157,30
504,31
309,41
139,26
114,38
340,26
82,44
183,45
260,17
89,38
302,6
266,10
56,36
251,14
165,36
517,6
419,32
440,34
69,44
247,38
431,27
73,28
317,50
335,18
432,31
460,32
370,14
456,9
190,23
483,20
452,47
82,13
222,41
415,18
523,25
373,40
464,43
291,43
363,50
250,25
51,47
444,33
516,18
281,23
437,41
269,12
524,7
60,42
511,2
299,21
380,45
18,41
406,23
436,44
142,47
488,6
480,17
121,19
47,16
466,19
124,35
424,17
208,9
241,25
108,27
441,16
422,47
486,16
250,19
51,40
475,16
437,44
117,36
63,14
219,35
139,16
13,42
187,23
379,18
118,19
298,41
89,24
394,33
241,22
152,3
240,21
266,41
187,30
477,31
252,50
43,15
183,42
508,32
293,2
440,31
282,30
390,16
195,48
468,28
304,22
265,16
346,27
227,49
515,4
335,38
455,26
209,39
269,23
405,37
219,50
162,6
327,26
117,11
461,4
267,24
5,3
300,7
46,14
419,29
432,46
42,10
286,16
363,47
236,10
485,9
73,7
508,45
36,50
382,25
402,28
329,17
276,38
471,4
424,13
486,28
84,16
517,43
108,25
332,35
346,11
124,12
169,37
361,23
142,35
196,15
241,34
191,47
155,7
373,47
431,46
432,43
415,22
103,28
250,14
160,23
260,41
497,44
38,9
439,8
391,45
249,16
115,34
168,23
441,12
439,43
291,35
427,41
380,12
499,26
89,28
122,9
199,36
22,2
507,14
330,17
5,24
477,33
487,47
502,33
338,47
467,15
236,22
195,13
388,46
321,29
294,50
220,1
447,36
524,2
149,12
359,16
339,4
294,48
310,32
176,10
48,30
297,7
356,16
468,32
485,29
97,45
359,41
495,25
51,33
130,40
353,28
446,34
78,27
366,7
142,15
172,9
387,2
38,40
526,7
20,19
512,50
112,46
425,26
23,31
499,13
409,48
501,24
422,31
52,18
81,35
226,29
14,42
443,20
344,13
440,39
339,37
490,27
208,23
116,2
81,2
2,7
136,45
410,21
23,10
207,37
275,33
312,18
442,30
28,23
509,18
104,42
178,41
167,10
313,21
119,23
357,36
24,14
121,3
218,50
146,18
323,19
138,33
279,43
511,48
2,24
480,3
277,29
349,33
284,5
377,19
498,36
369,3
119,36
206,33
95,41
374,19
243,18
206,34
25,4
445,41
388,4
118,2
447,23
167,42
8,17
185,41
471,19
131,22
349,44
308,11
42,26
516,30
273,27
112,11
266,8
310,17
79,33
525,29
415,19
249,24
29,27
215,25
523,23
194,17
287,29
252,27
206,7
50,1
270,35
221,8
246,43
224,19
258,14
296,18
135,11
293,25
83,22
6,17
85,11
28,26
485,18
360,25
300,32
423,44
103,44
524,12
520,48
70,8
37,36
413,44
371,19
126,17
316,31
26,16
346,3
464,5
12,28
526,28
48,40
501,23
210,14
505,17
427,43
252,24
494,40
363,38
238,21
499,3
125,7
475,44
223,27
398,42
133,48
347,47
16,36
389,50
146,2
331,5
225,45
57,36
166,44
108,34
482,36
207,16
500,41
395,6
457,32
379,9
109,9
16,47
495,44
113,31
130,6
234,19
342,16
148,50
248,17
287,6
228,43
162,19
491,9
314,10
325,28
223,21
508,47
47,26
45,13
57,8
137,13
384,39
488,38
403,23
275,22
271,38
27,21
193,3
245,23
517,22
49,2
194,3
437,16
467,27
418,45
392,11
514,10
199,29
413,23
331,31
8,9
337,44
201,7
495,41
517,40
68,13
233,20
195,26
495,42
506,20
210,25
488,27
425,38
215,33
186,43
387,6
87,1
396,47
72,27
227,38
358,19
458,2
457,6
352,18
416,11
127,1
424,7
240,25
15,42
57,1
17,14
56,15
268,49
417,29
26,30
51,5
515,41
514,4
438,39
103,37
337,4
415,26
231,15
156,26
196,42
12,48
69,31
404,7
454,26
354,8
40,17
295,25
486,25
79,38
56,17
458,8
512,41
350,38
523,15
347,41
220,9
447,43
379,26
162,32
159,18
7,14
169,5
482,10
442,37
341,32
191,29
479,5
285,1
193,47
380,11
264,12
488,42
213,15
491,37
122,8
413,9
386,9
395,38
279,36
283,24
345,27
422,28
106,42
308,28
67,45
465,47
276,28
303,48
473,44
294,39
299,3
203,10
217,12
180,48
458,27
39,36
61,35
520,17
168,43
35,1
301,16
164,3
411,26
311,8
321,35
274,50
368,6
406,10
131,1
217,42
67,50
290,30
438,36
14,29
270,17
238,23
362,35
180,25
229,3
29,9
426,11
263,11
249,35
110,4
308,29
192,46
162,14
454,41
219,9
395,20
64,6
3,30
68,31
288,43
3,14
515,8
388,39
268,32
230,6
443,34
433,7
460,33
156,7
461,22
36,32
32,28
107,20
288,6
276,33
5,50
398,21
182,10
233,10
284,18
84,44
37,28
329,21
105,11
357,5
54,25
329,36
88,48
362,18
3,18
461,43
178,11
521,43
60,50
109,35
421,7
286,20
362,24
160,34
165,24
237,3
42,34
135,19
201,24
71,16
254,24
381,42
407,23
506,7
403,19
233,50
141,41
124,5
84,6
269,24
391,48
295,49
356,18
398,27
329,31
509,32
104,11
422,10
115,42
516,45
344,37
400,5
497,46
135,3
49,50
348,36
408,8
16,1
148,31
359,21
361,18
15,6
168,48
448,22
264,31
302,7
172,45
520,39
271,2
51,29
379,3
228,42
427,8
223,32
484,22
87,46
175,10
21,40
444,46
505,21
261,22
40,15
311,4
201,12
262,39
112,48
378,31
371,22
283,30
171,43
432,8
463,23
67,16
68,43
130,33
286,40
205,20
359,27
409,14
482,32
194,14
118,45
146,8
127,41
277,43
17,23
225,29
427,10
45,5
499,22
426,33
196,32
206,12
521,16
104,33
155,15
166,19
81,1
292,48
232,21
251,28
114,49
24,42
44,40
321,44
4,47
422,26
397,14
26,38
315,43
506,3
15,14
111,32
224,29
524,35
48,50
494,29
437,14
321,11
135,4
99,22
198,8
173,34
79,21
277,50
314,17
461,35
158,17
66,16
230,15
263,46
151,46
444,18
125,27
192,3
175,27
330,16
64,2
435,18
57,46
1,29
38,46
263,12
198,40
499,33
123,35
247,40
347,34
55,47
442,13
379,2
471,34
82,37
143,7
366,13
448,34
173,26
331,47
4,23
440,16
281,48
230,29
39,18
39,23
313,31
360,38
212,14
451,20
232,5
389,44
207,15
444,4
193,18
172,50
165,26
200,13
204,18
72,35
479,2
83,27
150,13
516,39
293,8
453,2
294,41
153,2
305,36
64,50
269,49
119,47
230,46
165,31
521,30
175,40
489,27
403,37
138,47
265,11
262,27
20,16
238,27
83,24
521,9
453,13
77,17
229,21
260,13
119,22
84,15
93,35
186,28
61,47
420,40
347,1
112,30
97,20
115,16
311,50
490,33
319,42
446,10
109,4
305,47
300,8
211,34
316,34
183,17
214,14
307,7
336,44
406,6
45,18
128,41
335,34
259,41
193,49
324,34
523,40
318,7
283,47
251,5
71,14
167,5
209,5
330,45
350,13
258,19
337,7
25,14
181,39
131,2
250,23
116,47
211,32
264,15
423,17
145,6
167,47
99,50
51,45
361,7
263,22
314,35
436,36
516,46
326,14
353,19
492,44
451,17
298,23
141,45
82,5
506,5
176,12
39,26
21,45
260,24
419,49
104,13
489,36
95,14
200,12
55,12
308,38
232,22
337,42
480,6
452,24
217,7
410,45
113,50
253,23
320,38
393,9
71,22
128,27
100,37
28,13
495,29
1,39
332,15
31,24
173,47
238,43
186,30
479,28
228,48
336,26
444,44
79,14
39,29
18,37
58,41
211,21
248,36
91,35
455,35
244,23
159,7
210,17
161,17
447,26
167,45
394,16
226,17
420,46
335,25
95,12
343,2
97,31
279,19
119,16
110,18
306,30
347,4
176,25
385,45
313,40
293,13
84,27
480,42
192,41
424,2
323,7
441,39
499,42
428,13
197,48
340,13
491,14
301,17
121,38
143,34
514,36
475,31
230,20
194,25
352,48
211,1
427,31
170,13
317,6
89,20
25,21
404,5
425,28
138,4
346,43
170,47
471,21
284,50
108,2
10,46
241,36
77,47
309,31
310,30
512,24
329,28
110,24
213,22
259,42
376,39
392,2
343,4
318,37
302,42
39,38
75,13
462,3
430,47
438,26
410,9
247,5
47,43
63,5
274,28
314,20
454,49
3,34
273,36
116,27
503,7
400,6
467,48
165,33
242,41
239,20
32,41
82,39
75,12
49,18
126,43
277,30
347,32
376,31
4,39
398,46
243,16
365,44
396,39
379,25
293,33
395,3
205,41
387,29
173,28
388,17
351,50
209,14
284,33
387,37
226,25
418,31
129,5
419,16
446,16
155,35
82,29
130,28
334,34
255,37
166,50
143,47
310,9
267,13
146,42
19,41
280,21
504,22
40,14
389,33
232,25
155,41
16,31
179,44
224,35
184,5
419,35
51,10
54,41
30,46
170,42
477,19
167,8
222,46
115,21
68,44
306,13
450,4
101,22
80,27
375,43
103,49
365,5
82,21
228,33
192,1
347,42
252,44
287,32
481,25
415,47
325,40
264,16
363,22
107,16
481,1
203,3
173,16
396,32
118,28
19,22
513,29
424,22
94,30
108,11
135,10
19,49
379,31
357,28
139,6
160,15
256,8
231,12
44,50
85,24
130,48
27,50
136,5
386,28
345,20
5,2
392,8
344,1
446,6
12,36
72,23
365,40
503,49
435,1
344,25
145,43
426,14
133,25
182,5
294,11
432,38
445,19
426,29
106,24
123,6
53,10
241,6
283,4
227,30
18,19
349,45
242,17
435,30
253,15
386,15
135,22
123,10
361,5
276,50
106,23
453,19
394,9
111,49
390,1
261,43
422,21
420,8
371,26
87,14
406,16
7,1
73,38
388,28
461,18
422,29
149,25
19,39
420,38
31,15
271,50
41,31
150,32
373,39
285,42
202,27
481,43
43,29
462,1
299,27
500,47
178,12
185,25
335,32
206,21
409,2
356,32
209,49
126,4
192,29
51,1
344,42
22,35
123,31
246,40
58,19
385,39
402,43
373,5
44,2
283,17
381,18
470,49
179,43
502,46
179,34
419,31
256,37
231,21
512,46
139,33
213,41
257,35
296,13
220,4
262,34
389,9
89,2
97,49
190,6
92,24
88,22
133,34
288,17
149,39
175,2
474,34
395,35
69,5
207,2
243,42
161,27
367,27
379,8
162,15
499,48
31,10
41,32
206,31
350,36
399,46
392,14
367,25
163,22
15,15
286,38
436,20
467,25
506,47
215,2
125,45
81,29
346,49
261,19
423,41
321,22
234,44
81,8
37,49
519,27
454,29
187,10
89,19
501,19
119,30
439,49
258,4
448,27
20,42
410,27
409,17
131,28
30,25
207,28
19,27
440,48
107,4
110,34
458,32
212,6
331,25
313,41
85,39
150,40
64,16
470,19
484,1
507,25
75,45
34,18
371,11
36,23
138,10
132,49
322,12
415,36
38,17
339,11
309,47
402,23
118,32
369,43
490,31
58,12
390,11
158,6
85,49
177,22
260,49
199,37
412,17
493,36
192,17
262,4
3,3
279,12
318,16
219,33
281,16
158,33
197,10
365,12
359,33
198,43
336,5
108,17
347,35
508,49
347,25
197,31
402,21
302,48
65,22
75,7
497,9
484,32
413,27
47,35
211,5
482,20
351,1
267,36
280,13
381,34
466,13
252,43
289,50
83,4
448,43
135,30
456,45
291,26
100,16
268,18
190,31
427,24
139,30
290,9
202,33
241,40
519,44
518,31
401,43
389,14
40,37
312,11
271,19
473,24
72,7
319,24
512,8
93,39
329,3
110,2
374,28
229,49
367,22
285,48
7,43
166,7
500,49
77,4
65,49
49,1
388,34
173,49
219,24
509,25
301,12
68,36
477,11
375,4
183,29
318,29
515,30
232,37
372,9
188,17
119,42
107,44
182,44
474,21
381,7
401,46
66,18
442,45
267,48
320,45
449,48
54,19
298,7
131,33
433,14
63,27
327,25
160,27
431,1
290,50
173,1
403,28
411,36
159,49
25,27
512,13
469,4
248,22
202,3
317,23
426,5
436,3
118,39
508,28
386,14
401,48
416,46
153,9
127,12
211,22
14,11
176,34
230,11
199,41
42,11
467,1
295,32
113,33
461,34
351,43
38,28
177,45
376,12
119,12
210,15
345,25
357,11
456,50
467,49
5,1
296,34
11,2
179,41
218,41
337,2
449,20
183,49
466,11
86,7
220,33
380,2
276,26
248,5
108,46
67,48
298,50
20,22
313,39
78,29
356,31
300,23
384,28
169,3
491,5
28,41
46,34
517,3
56,38
46,43
38,25
315,38
387,4
22,49
478,15
509,10
399,11
498,2
469,9
331,24
121,25
58,29
93,32
474,14
277,10
102,22
349,8
236,32
124,37
188,48
2,47
170,6
23,24
180,17
121,34
515,13
322,2
136,26
118,36
99,18
361,36
476,8
361,19
275,41
85,37
251,10
105,44
497,22
305,31
124,21
290,35
283,1
392,22
411,37
511,35
486,1
82,48
300,24
244,20
176,33
305,48
416,35
73,39
249,15
368,12
371,9
299,25
349,41
129,46
67,37
344,26
78,1
506,17
335,26
184,15
510,24
470,46
185,7
42,24
8,33
443,25
60,25
55,15
271,6
161,18
184,14
126,35
388,26
112,42
348,47
376,29
185,26
204,1
69,13
224,15
220,12
419,37
371,30
18,15
353,23
3,16
157,50
443,21
32,3
431,8
49,5
224,6
63,41
29,32
154,45
107,28
19,28
54,39
405,5
294,32
490,15
64,14
342,6
236,17
177,6
503,36
118,35
421,38
402,33
390,38
203,35
20,13
483,14
69,25
327,33
460,1
423,39
437,19
137,42
59,15
98,36
10,1
122,11
395,27
222,11
185,14
67,24
225,50
427,33
28,48
483,32
163,34
173,14
222,48
489,17
448,46
38,26
175,30
76,46
235,31
318,1
83,2
248,19
343,26
483,13
297,5
433,49
405,48
178,32
253,5
203,27
195,5
148,30
82,14
17,5
153,49
145,19
160,28
1,12
258,40
195,14
455,27
34,29
416,19
234,15
328,33
518,46
123,38
226,23
332,10
502,28
208,48
66,20
28,5
257,26
136,4
509,29
52,20
526,41
60,22
103,12
175,50
140,48
58,8
478,48
289,3
401,17
408,41
69,11
367,41
360,50
499,31
518,32
242,18
434,18
276,44
239,16
400,27
327,3
205,18
146,3
96,15
239,45
205,15
37,18
434,7
383,31
89,50
200,5
278,6
267,44
48,35
287,16
399,1
245,12
83,18
445,27
8,32
252,20
408,13
7,19
339,42
342,19
441,46
384,31
328,49
79,1
92,5
224,5
286,13
72,25
474,25
332,25
383,15
478,14
319,19
23,48
355,5
168,8
151,4
144,12
218,33
43,2
145,10
430,9
523,41
106,11
475,13
497,17
484,34
374,12
526,38
248,1
216,50
419,44
477,22
55,38
495,21
365,31
11,18
360,2
36,28
397,3
508,48
441,9
42,7
250,20
166,30
415,40
266,42
463,34
458,38
297,24
427,32
411,15
403,29
379,19
304,1
164,19
475,19
508,1
419,40
81,32
218,29
525,14
173,17
246,3
443,19
450,8
515,3
508,33
499,44
102,7
34,50
229,44
346,36
107,15
460,16
420,18
42,23
387,14
370,32
131,38
143,37
427,16
70,47
520,36
79,40
186,24
357,32
266,20
257,48
234,35
431,34
325,30
379,41
243,32
419,50
287,9
414,19
409,45
38,45
109,10
514,23
517,2
304,42
395,7
412,36
246,35
68,39
88,42
110,8
460,49
264,25
372,47
225,4
371,17
409,6
384,35
502,31
400,3
353,16
63,18
464,3
258,18
172,24
292,29
411,7
159,39
95,6
309,1
108,43
313,18
215,10
116,18
506,36
254,31
368,23
349,1
292,45
270,5
405,7
372,15
473,39
221,10
354,11
156,29
381,44
432,35
353,13
290,25
406,12
188,2
332,16
420,32
513,20
66,49
78,11
5,13
177,23
275,20
225,15
311,1
467,30
361,46
273,40
358,38
316,21
58,20
473,20
246,14
418,33
103,21
327,10
364,12
171,49
405,17
47,13
250,35
291,1
99,2
86,25
499,12
492,41
429,17
430,21
249,14
214,4
276,17
68,6
9,15
17,12
268,26
290,1
23,29
186,46
431,6
465,7
394,20
233,44
141,9
95,46
423,40
40,33
66,35
107,47
17,7
236,31
275,15
362,16
81,4
164,33
86,36
329,1
401,7
155,5
355,43
172,29
55,33
213,10
335,29
173,19
444,45
69,41
38,23
144,38
439,14
510,28
188,16
82,47
341,46
149,15
369,15
133,33
39,17
239,36
367,30
172,23
170,16
300,18
221,28
79,11
362,27
217,10
285,12
373,41
431,42
8,1
321,42
334,24
403,39
301,2
163,42
524,10
463,26
158,1
410,38
525,39
79,30
182,4
122,1
128,17
400,43
112,27
322,23
244,12
386,5
422,2
515,32
66,29
403,42
209,48
108,22
526,3
150,41
213,1
380,24
46,38
432,32
19,50
218,43
59,4
390,39
68,47
18,26
76,17
81,11
275,46
204,22
111,6
166,49
62,13
100,11
206,27
323,21
500,31
14,37
121,40
317,47
184,16
434,16
249,30
388,2
423,42
340,21
351,35
421,19
379,32
521,19
111,28
370,40
459,24
12,25
395,2
418,4
238,48
259,13
410,8
470,32
9,46
443,49
118,1
465,40
396,26
295,8
360,6
312,8
379,49
105,28
115,6
458,50
87,20
433,43
283,7
180,27
202,20
326,8
309,16
400,19
391,35
13,26
142,14
72,6
516,34
486,7
436,21
113,38
399,26
271,5
426,7
504,14
386,38
481,48
246,39
472,8
482,35
395,34
4,49
96,21
476,14
398,34
351,4
360,41
135,13
93,50
526,48
410,7
154,29
158,31
13,27
90,40
520,5
76,45
445,40
213,24
39,39
274,14
466,42
246,17
76,10
413,8
304,27
298,48
259,26
4,18
189,49
299,16
352,35
348,18
526,34
1,18
494,34
389,6
376,16
198,33
71,39
189,5
141,40
101,8
96,33
197,25
465,14
268,16
426,13
40,40
319,43
204,12
210,45
93,16
360,1
310,26
407,7
434,5
265,49
463,30
41,36
341,41
165,34
422,6
395,14
171,50
457,22
80,44
300,6
119,28
436,25
325,35
477,5
137,24
44,46
458,21
15,22
500,19
170,26
373,33
311,13
206,17
157,9
313,36
192,21
132,39
391,17
310,36
313,19
519,4
38,2
476,39
466,2
145,37
345,9
122,17
318,33
32,26
40,26
31,31
74,16
331,34
186,31
38,39
456,41
179,40
223,28
124,18
37,15
65,20
427,3
373,44
142,43
241,42
363,16
347,18
51,26
288,50
79,6
329,15
200,28
429,44
501,4
511,28
146,47
479,37
383,20
515,10
403,7
240,7
398,26
69,16
7,37
236,4
45,6
477,17
143,50
192,22
243,47
492,38
270,9
233,14
145,18
437,27
280,8
328,42
218,39
118,29
51,24
312,47
246,10
37,20
248,21
431,31
240,35
21,21
518,30
404,41
441,26
234,18
188,21
51,35
326,36
348,23
108,9
139,15
170,32
405,15
194,28
451,12
339,48
402,44
161,41
332,42
444,12
466,18
276,21
174,4
444,49
276,16
285,2
234,50
18,4
2,18
271,20
276,2
430,35
48,2
77,24
50,28
227,23
149,23
456,24
60,17
141,8
377,3
213,35
291,34
244,7
7,46
322,32
261,1
166,48
75,5
409,31
427,34
423,45
54,29
440,38
79,25
233,33
20,40
506,40
73,22
318,10
481,44
158,42
99,14
480,18
437,4
22,37
354,19
441,40
426,2
420,4
77,14
216,29
338,11
461,40
3,31
53,37
224,26
323,12
160,16
459,6
346,25
443,46
110,13
369,33
213,45
2,42
457,49
55,9
366,36
140,30
49,38
457,44
513,24
195,50
233,25
11,30
25,28
206,18
180,44
198,42
473,11
83,20
291,30
358,30
134,30
372,27
442,17
228,38
464,10
224,48
170,29
422,46
176,23
377,34
431,17
181,19
41,44
156,1
161,7
271,37
283,48
161,47
175,22
114,21
298,17
382,31
522,37
317,4
421,40
195,11
259,49
157,32
252,22
36,8
27,25
31,8
245,5
295,30
484,4
321,3
432,42
104,24
487,36
203,38
125,16
413,49
522,45
334,30
319,13
151,13
221,9
421,11
230,19
14,15
121,43
6,34
496,43
442,23
6,50
215,4
88,33
197,14
117,2
134,22
347,38
358,44
217,5
141,47
359,28
83,33
128,4
111,38
448,50
497,3
209,3
24,35
300,42
310,40
78,9
47,10
295,40
243,37
314,5
438,21
19,16
286,15
334,21
518,34
33,19
64,23
363,46
167,1
392,20
370,30
474,15
288,3
231,17
184,39
460,47
190,48
244,29
142,3
232,30
215,16
452,49
414,24
180,5
259,20
325,47
405,39
394,36
54,30
294,8
151,5
237,44
21,48
422,19
161,19
172,49
146,49
114,2
160,9
1,28
68,21
340,8
28,50
465,49
250,12
22,18
380,42
450,27
330,20
504,2
323,50
239,9
441,37
184,48
371,12
474,17
277,8
104,49
135,45
321,17
138,15
231,4
7,33
80,29
201,50
312,34
486,4
503,12
480,35
151,39
17,1
299,2
515,20
160,50
491,48
480,46
110,23
226,32
100,44
343,47
49,40
61,20
502,2
419,19
351,38
252,35
393,37
115,17
481,22
269,7
349,19
99,39
517,24
253,33
377,14
445,45
307,30
159,32
159,21
315,49
179,17
235,48
94,40
438,11
109,13
477,16
318,49
443,38
27,43
76,33
462,29
405,13
112,29
230,31
48,8
411,30
510,27
495,6
132,50
471,28
351,13
11,11
158,26
395,28
290,15
183,20
384,18
344,6
409,8
87,7
71,21
229,26
421,20
30,15
106,1
29,23
209,28
150,44
277,12
139,37
91,13
393,38
370,18
102,36
105,36
382,19
436,4
339,28
369,1
98,43
494,16
108,8
330,32
267,2
91,27
94,33
80,35
156,43
454,18
214,26
369,29
441,42
477,39
494,17
409,26
301,24
412,13
33,7
376,47
415,20
185,11
493,46
524,3
59,11
349,7
102,4
15,27
200,3
22,22
351,15
287,18
403,50
13,17
37,29
474,1
198,44
126,15
238,14
308,13
6,24
106,41
506,38
414,12
346,35
215,12
284,11
114,35
378,37
78,35
70,42
352,27
485,33
182,38
333,31
97,23
358,20
254,13
508,35
147,1
492,48
144,8
507,21
282,29
376,2
467,20
306,50
75,19
416,23
431,43
95,45
396,23
372,8
412,18
331,48
487,43
434,20
272,5
3,41
121,2
392,34
49,35
526,21
440,41
289,8
416,48
391,26
55,5
62,4
34,25
410,50
98,2
227,7
42,39
405,47
241,35
472,25
259,12
271,41
508,41
525,35
310,39
297,35
69,7
337,24
205,3
172,36
146,33
52,17
466,47
52,35
320,43
91,32
463,9
54,42
183,14
452,34
473,18
153,5
466,17
114,41
46,42
379,34
211,37
412,47
17,34
514,5
410,18
173,6
24,13
473,25
265,42
164,35
106,37
210,36
473,5
40,10
463,42
221,31
207,35
352,23
189,24
7,15
316,8
131,14
481,30
140,27
371,34
99,43
168,38
374,32
56,28
241,48
86,1
266,23
143,23
212,11
350,6
500,45
99,48
226,46
131,4
215,27
85,32
146,16
3,11
329,32
424,36
21,8
214,5
325,8
45,14
197,30
360,21
404,12
106,10
145,40
191,50
490,36
109,15
61,18
211,45
373,27
412,31
118,16
403,4
315,27
99,16
236,29
488,5
184,8
6,33
300,17
144,45
165,5
342,13
385,21
521,29
13,19
484,33
446,35
273,16
490,4
441,50
501,12
391,41
71,32
419,6
313,14
292,43
306,20
442,26
37,4
37,43
155,16
248,10
51,20
51,50
312,17
399,16
354,29
54,18
99,20
526,39
416,31
389,40
480,44
173,29
225,16
243,9
506,10
324,9
379,33
277,7
94,49
499,32
338,49
500,4
308,50
52,21
427,7
31,42
163,45
422,43
435,43
522,35
239,34
302,3
461,5
354,27
181,13
35,18
195,30
492,10
190,45
194,6
62,32
128,30
248,11
177,34
102,23
11,48
71,23
47,5
434,10
180,46
77,5
237,17
102,48
223,38
324,29
216,10
280,16
8,23
122,31
460,23
221,39
131,35
161,48
372,40
295,47
364,4
183,46
250,46
285,26
110,48
517,30
154,44
340,6
479,10
469,1
498,30
409,42
103,23
208,44
241,3
25,7
479,7
428,25
52,8
163,41
433,25
389,25
87,35
436,34
208,22
465,19
228,25
63,2
36,42
155,21
497,24
423,14
170,38
509,23
444,34
352,15
12,19
463,24
436,29
333,12
292,4
76,6
18,30
34,44
380,25
471,37
484,39
98,12
486,17
190,19
378,45
518,38
258,33
169,19
112,47
293,6
23,41
37,11
46,9
410,43
399,8
209,30
110,42
12,4
314,13
363,33
339,18
167,48
350,20
378,40
158,21
280,20
102,15
396,48
355,41
204,45
182,45
256,40
463,25
242,21
438,49
206,40
202,14
187,26
114,18
384,23
299,4
503,29
403,20
477,8
256,45
164,47
283,41
459,37
328,25
221,22
294,34
336,38
431,10
462,36
492,34
342,34
448,16
349,40
6,40
411,38
365,33
123,29
432,49
466,24
69,19
147,3
326,6
526,43
249,1
186,44
35,48
365,47
358,31
410,23
168,10
153,31
45,7
33,26
84,21
350,8
115,22
352,25
179,20
243,30
88,6
43,23
475,22
281,21
172,2
323,16
290,49
446,25
188,37
331,27
510,38
299,41
179,14
526,40
470,22
525,15
426,27
371,14
184,31
182,7
83,47
82,3
125,23
14,33
475,45
220,47
1,44
111,8
339,26
298,4
246,9
192,48
275,40
173,41
229,9
365,17
305,21
455,6
389,46
137,10
379,39
304,4
299,14
489,49
166,12
366,35
375,27
336,22
13,46
202,7
196,31
61,40
315,41
454,39
264,14
50,22
498,8
271,40
296,16
22,14
392,5
226,31
412,20
379,47
397,13
386,37
201,9
44,30
49,26
206,50
30,5
512,3
279,50
126,29
424,35
515,40
205,38
3,25
134,28
1,35
1,23
482,23
491,31
5,7
41,14
215,26
243,5
273,20
372,42
456,30
308,25
271,21
11,19
422,30
160,5
136,50
268,44
350,34
516,48
222,38
484,11
196,13
153,30
432,13
362,9
4,32
125,50
78,30
37,37
394,32
269,13
287,5
150,6
495,26
226,6
300,38
425,40
177,35
457,1
348,43
175,42
302,34
491,32
469,15
209,13
469,23
70,9
488,14
93,9
369,44
344,17
67,40
122,26
218,35
356,5
274,34
217,43
424,11
383,18
29,26
215,40
497,13
452,32
34,15
130,20
99,42
308,21
356,48
304,43
473,27
244,6
468,41
113,7
358,46
490,32
419,28
84,33
171,28
102,11
201,15
313,16
93,17
181,16
293,50
402,18
483,36
462,50
525,31
82,8
211,42
313,12
407,10
75,47
169,28
169,47
294,20
41,34
32,42
220,11
215,31
105,42
291,42
286,49
501,15
279,5
65,18
228,41
69,37
95,25
281,33
206,24
269,38
105,41
316,47
2,34
72,3
477,35
227,13
357,43
480,22
198,5
495,23
440,21
503,50
439,47
377,41
152,24
477,29
230,41
364,11
451,9
203,9
4,16
426,28
161,24
11,40
120,8
258,30
20,35
284,6
370,12
111,36
345,13
397,18
304,21
227,32
274,29
277,24
113,41
68,50
13,38
508,40
307,14
410,26
398,45
323,17
80,20
218,47
211,17
500,13
99,37
377,22
240,44
63,37
71,31
358,29
460,21
430,37
304,19
353,22
74,33
88,12
474,33
198,28
116,25
125,15
429,38
431,26
93,28
226,41
278,7
74,24
239,40
412,25
157,27
185,19
449,25
239,6
317,49
275,50
342,12
459,50
38,31
316,18
456,37
365,21
373,7
345,4
109,11
407,30
310,6
523,14
335,23
277,41
410,11
258,24
189,44
26,9
340,31
2,29
318,47
407,48
195,6
253,37
413,16
291,7
478,31
503,35
245,15
135,25
150,42
59,42
300,27
88,13
201,17
517,8
386,35
454,5
362,32
282,2
74,35
454,28
509,44
375,50
15,23
456,42
46,11
119,1
35,17
164,9
261,49
432,50
371,24
38,43
431,22
424,24
350,24
458,7
516,31
444,37
276,9
507,2
232,36
422,7
37,13
19,14
140,41
425,48
21,18
497,6
431,13
367,42
334,7
515,31
205,42
106,18
267,41
253,48
351,11
69,18
199,31
441,3
290,36
163,17
93,41
292,36
371,47
275,30
209,2
505,24
189,16
274,37
188,29
90,46
149,3
315,4
99,46
133,18
58,27
423,36
84,8
15,12
523,38
473,34
6,39
258,20
349,43
402,6
473,22
391,46
128,37
124,36
489,35
219,5
354,12
28,27
34,7
85,28
249,12
197,29
479,36
223,14
164,11
127,34
268,3
177,43
488,39
111,21
72,15
239,23
253,49
141,35
324,48
8,10
144,17
367,10
260,42
280,23
329,26
479,19
301,3
206,47
21,50
178,44
102,9
234,9
77,23
511,44
174,40
341,27
165,25
84,9
127,19
191,10
428,21
360,17
250,31
258,1
520,19
153,42
407,9
273,43
22,29
283,15
515,16
57,37
171,33
253,22
25,46
299,35
63,45
9,37
503,25
509,40
7,44
201,11
110,29
358,13
467,6
499,29
164,50
11,9
158,2
4,46
263,38
420,49
70,22
225,37
189,17
391,43
346,28
310,49
398,18
190,14
275,5
311,3
433,13
371,3
424,20
302,35
181,17
46,32
507,15
154,49
93,38
391,6
515,28
193,40
153,28
7,25
351,20
443,47
343,9
14,39
446,48
35,11
47,37
429,15
418,43
441,11
290,24
383,22
235,42
492,49
151,28
337,19
494,43
18,22
433,4
134,6
390,10
386,49
323,8
271,42
467,41
315,23
397,17
311,23
365,10
23,36
305,29
365,4
435,38
169,25
356,21
170,25
339,47
516,33
223,7
404,40
415,15
280,22
195,17
417,22
14,10
318,25
321,40
102,6
301,38
463,44
320,28
5,23
73,12
332,24
295,36
399,28
262,28
77,28
282,36
326,9
430,34
230,50
95,3
250,3
510,33
278,34
155,24
79,48
247,33
54,12
400,12
138,35
138,29
330,29
347,7
372,5
256,3
44,13
178,18
69,32
366,11
441,8
397,46
184,33
79,32
222,1
140,20
295,2
24,29
165,35
396,30
511,9
391,13
348,17
312,46
327,44
344,31
68,2
523,6
268,21
41,18
96,14
159,45
433,10
11,3
8,16
350,17
138,17
61,21
366,21
183,25
509,2
501,28
137,31
164,23
46,4
447,44
425,41
14,6
168,47
383,8
472,23
188,30
21,26
251,37
461,21
497,16
191,8
265,7
142,29
491,29
33,22
305,6
167,37
16,11
407,47
305,26
266,44
496,42
293,44
150,30
119,14
279,2
402,4
489,34
188,11
308,22
68,10
128,12
32,4
366,30
450,3
32,50
464,30
112,7
518,19
72,16
301,32
461,28
372,14
297,2
402,1
381,16
373,38
94,23
333,7
513,44
5,27
165,10
524,33
132,27
461,23
260,48
381,46
29,10
254,39
296,11
392,27
373,20
414,45
363,8
189,29
337,41
272,31
176,17
473,32
63,3
297,36
438,31
76,22
151,3
95,2
191,1
95,9
450,30
281,2
290,16
156,24
234,36
289,33
428,15
194,47
117,43
407,35
283,9
161,6
264,17
349,39
86,23
130,32
196,1
510,22
488,22
28,45
228,8
77,10
327,21
243,43
355,28
474,43
454,10
507,4
365,22
55,31
390,21
207,27
122,5
363,34
303,26
384,26
26,18
81,27
249,19
363,9
297,41
210,31
439,12
324,8
156,23
395,4
251,20
131,6
308,9
45,47
169,14
316,32
516,19
411,25
401,19
408,30
163,36
61,44
118,30
59,37
150,19
425,42
345,37
31,19
116,16
323,24
411,6
44,18
219,19
132,33
161,46
117,4
376,30
327,43
25,48
242,6
362,49
203,12
376,15
289,26
357,45
457,26
101,34
71,7
429,14
298,46
35,9
23,2
414,23
7,22
357,41
197,12
70,40
503,21
206,3
469,46
270,36
238,37
45,8
45,21
432,24
117,48
159,2
359,35
218,16
268,14
211,27
506,23
85,38
354,42
234,26
54,10
62,44
72,24
261,20
391,36
296,7
123,37
332,44
260,25
437,29
410,3
181,2
36,4
79,29
490,26
43,41
304,48
289,24
60,5
338,34
21,47
233,40
40,24
344,8
72,17
69,48
377,9
476,29
409,13
520,9
44,34
314,48
521,44
7,34
226,27
39,45
487,21
490,44
274,8
16,50
74,9
413,34
328,2
63,50
100,18
393,10
492,24
213,8
272,1
83,26
114,34
362,50
173,45
345,49
204,40
184,6
133,2
384,15
201,42
121,39
51,9
391,10
442,34
90,21
464,47
492,28
50,38
388,1
65,38
143,9
326,43
174,30
520,29
259,8
144,22
319,21
427,2
50,31
456,40
58,23
431,7
18,35
216,42
426,38
172,13
130,10
193,11
339,36
62,7
477,3
393,26
126,23
521,41
362,30
337,1
480,47
384,8
348,34
466,46
266,39
63,26
457,33
241,1
401,3
452,17
437,30
57,49
107,39
298,15
217,13
408,24
204,48
133,42
465,5
191,32
224,39
80,34
365,36
215,9
513,10
470,2
13,8
41,4
157,23
190,24
460,14
383,39
202,37
409,50
93,46
155,40
488,13
238,7
455,2
213,13
349,27
374,25
87,10
324,32
267,34
90,25
434,30
89,17
327,35
13,40
444,43
363,26
139,42
334,32
474,50
348,26
403,24
50,10
497,34
58,34
305,43
402,45
186,34
127,44
186,45
480,4
479,3
30,32
468,10
343,13
16,34
207,4
252,6
298,34
491,21
56,4
20,6
180,24
126,11
178,27
26,23
235,47
382,42
249,4
475,42
493,28
200,25
389,49
134,18
447,45
230,16
326,16
414,1
91,34
441,17
40,38
108,23
184,34
217,18
394,50
332,3
124,28
132,8
307,47
458,10
265,37
56,49
485,1
344,22
96,18
328,5
174,5
408,48
196,43
437,9
34,23
61,41
148,32
29,12
31,7
462,10
381,10
19,34
475,2
236,43
383,19
362,23
519,45
365,45
304,7
504,43
9,48
177,32
191,28
501,17
241,8
198,45
359,39
153,12
356,36
142,1
417,1
398,10
146,48
66,9
30,20
130,43
115,49
176,21
435,48
469,39
274,49
119,11
381,31
14,20
478,39
279,20
423,49
386,22
406,8
147,19
471,46
139,25
74,41
44,24
406,38
127,39
87,50
61,33
16,28
11,27
343,14
9,34
78,7
94,21
358,36
355,32
279,48
422,40
39,43
128,8
384,44
195,35
64,39
133,3
139,5
102,25
398,49
28,35
388,9
520,18
525,4
136,36
152,30
41,30
92,29
110,30
167,17
325,25
420,41
128,23
303,12
37,21
98,37
44,47
33,6
177,24
354,26
33,4
217,35
414,33
176,26
22,12
310,23
329,48
271,39
227,10
442,5
396,44
322,11
306,31
78,48
502,4
30,18
214,27
119,2
135,43
157,4
240,42
194,49
7,49
107,13
334,1
201,21
197,15
11,13
96,19
292,50
334,42
135,38
497,20
363,1
506,18
96,24
167,30
317,2
379,15
271,4
8,4
135,39
43,36
130,14
419,15
115,30
489,24
326,25
42,47
498,25
194,32
481,26
183,40
12,45
328,14
41,38
337,40
453,47
484,17
204,24
370,13
7,30
128,20
77,2
261,5
447,47
118,33
396,35
301,39
282,37
295,12
300,49
120,22
521,48
234,21
435,8
58,44
173,4
149,17
320,12
267,14
252,8
444,1
64,18
49,15
45,44
43,35
93,10
4,20
255,50
481,46
486,13
307,3
203,5
257,32
189,25
356,4
234,42
16,25
145,15
522,40
29,34
145,33
480,30
223,33
512,44
136,9
454,47
86,10
80,23
126,21
522,5
433,22
57,29
73,29
210,37
418,21
213,34
180,4
135,18
403,16
164,41
460,7
80,1
191,17
466,29
268,5
56,11
266,43
151,32
312,32
522,7
30,8
351,37
119,21
328,23
160,4
174,47
23,37
504,13
280,37
29,6
420,37
10,24
204,30
417,15
14,9
394,37
402,34
61,46
278,11
442,43
11,8
152,2
449,29
1,30
467,47
88,3
387,50
428,39
391,9
353,12
418,6
182,6
488,15
340,40
219,30
260,30
353,35
516,6
410,17
148,13
169,36
92,19
402,26
224,45
32,46
50,40
224,17
98,24
311,10
312,22
269,17
10,17
467,32
198,47
295,24
250,42
501,32
448,41
119,6
6,47
347,3
156,45
434,42
185,37
120,31
424,41
268,15
286,41
357,48
513,3
74,47
52,1
288,20
201,36
302,39
409,43
523,10
241,2
396,13
350,18
85,6
444,42
214,31
233,2
9,36
132,37
370,25
427,30
455,48
137,14
114,30
267,31
63,39
130,34
486,50
341,48
227,46
247,28
140,25
80,21
196,24
112,16
439,2
89,18
278,50
105,35
44,49
113,12
84,45
144,46
101,37
285,19
510,46
195,25
24,30
78,6
415,7
190,49
463,22
381,8
11,14
272,19
469,50
482,19
462,48
285,3
276,14
199,21
30,41
17,48
449,47
35,50
32,30
420,45
17,4
59,39
140,12
287,44
122,44
125,22
360,45
456,14
164,46
374,24
205,22
78,41
252,15
170,50
340,46
373,49
289,16
300,1
173,10
244,38
122,37
225,23
467,8
27,29
337,18
252,36
53,2
83,44
212,20
133,40
28,34
196,26
74,3
27,12
374,30
492,7
25,35
348,22
394,8
523,27
261,35
264,45
320,26
179,29
127,21
160,42
79,46
298,19
491,49
387,42
148,9
463,17
73,43
182,25
257,30
361,4
81,28
74,48
447,15
152,15
276,41
8,41
73,6
375,8
450,37
240,46
107,10
109,34
271,3
158,28
379,30
81,36
267,33
190,1
358,1
496,44
450,45
348,31
373,16
259,36
441,45
75,10
448,39
76,29
56,19
457,7
430,8
265,35
73,19
467,10
274,15
256,24
78,12
343,28
350,5
513,14
255,18
380,20
521,42
431,45
11,38
454,40
417,8
468,8
430,49
296,30
293,11
187,8
271,49
122,38
174,49
472,19
491,3
415,39
243,25
256,12
174,24
219,37
88,21
450,9
75,8
198,13
212,49
361,30
88,34
400,33
431,12
500,12
202,16
90,29
355,9
484,38
239,10
437,26
208,16
393,44
183,32
179,35
191,43
167,3
514,40
278,30
347,19
86,46
347,8
495,9
411,16
327,1
457,11
204,8
427,49
192,4
475,1
477,50
448,2
394,14
88,27
498,44
379,4
326,23
34,26
175,35
236,28
505,42
161,25
358,7
328,18
180,38
155,10
220,41
7,24
120,36
315,40
280,38
147,17
382,14
182,31
60,21
44,42
439,35
440,6
405,50
522,49
338,35
277,31
370,6
114,43
285,37
132,47
243,45
411,50
404,30
221,25
130,22
229,47
56,42
301,41
103,15
102,30
63,22
79,47
216,9
377,38
122,46
222,28
150,2
513,30
156,8
505,11
253,25
461,14
493,38
56,40
510,36
186,41
369,42
484,14
431,3
367,44
407,39
37,47
472,46
364,28
238,33
172,35
255,12
60,7
260,33
78,26
369,45
16,5
250,8
291,20
432,33
280,40
350,46
356,15
167,43
523,1
402,25
348,4
295,37
140,28
363,37
423,18
97,21
157,15
364,3
501,27
478,50
40,29
278,20
395,37
55,4
429,37
421,36
460,2
12,7
133,7
304,44
368,32
195,43
56,24
255,5
289,30
387,22
297,28
460,4
438,2
160,48
343,44
495,14
241,5
258,5
468,13
386,7
295,34
414,32
94,10
107,5
458,11
316,39
165,6
385,30
476,33
125,1
249,9
515,1
138,21
502,39
370,45
143,6
302,45
54,22
423,31
35,29
311,19
257,46
76,24
407,45
75,35
387,34
438,10
430,25
288,47
312,49
192,25
39,48
482,8
385,36
24,48
94,50
337,29
519,6
410,41
291,17
16,44
340,3
307,45
423,20
236,3
307,6
306,26
505,9
260,36
516,12
7,50
493,34
12,33
87,33
182,46
185,12
48,15
336,40
114,14
302,17
353,31
497,36
6,45
293,21
518,42
194,22
459,11
493,9
309,34
525,3
291,11
473,42
174,13
496,22
460,35
364,2
181,23
425,3
180,14
246,23
159,1
51,6
525,30
389,30
375,6
334,14
35,26
276,6
143,43
209,16
5,28
343,17
265,47
329,37
415,28
332,46
253,14
280,18
413,20
258,3
172,10
513,11
292,41
172,12
202,44
474,2
397,42
403,35
447,42
63,7
452,29
113,18
436,45
130,19
229,43
499,1
401,18
57,45
394,18
282,35
459,3
192,45
270,44
342,44
486,45
221,32
271,18
159,47
452,8
217,27
25,20
169,35
156,9
220,3
324,16
505,26
208,24
518,5
180,50
369,36
312,40
230,22
248,4
225,7
442,4
239,33
402,38
324,2
239,26
88,1
239,47
292,47
43,34
109,47
113,8
3,2
350,37
325,17
401,4
418,14
58,25
170,46
94,22
170,37
208,18
400,4
374,47
148,3
149,29
81,17
313,27
226,37
474,13
133,36
80,46
287,34
84,25
415,21
127,26
341,39
379,29
304,32
269,9
172,41
127,30
375,10
337,22
244,2
125,29
288,28
445,15
297,48
407,20
359,37
526,46
308,17
17,44
242,20
89,12
112,23
222,26
304,36
345,11
400,17
113,46
348,48
485,45
126,27
58,3
143,30
156,46
362,14
439,40
371,16
306,25
452,16
389,24
299,17
459,30
102,29
73,16
412,37
71,9
307,43
424,5
253,16
425,27
20,49
420,29
60,45
70,43
103,47
363,3
35,22
269,26
133,29
78,49
3,44
477,48
345,15
396,43
148,29
484,37
448,32
440,43
184,21
67,47
142,21
377,11
453,31
219,26
231,28
524,8
429,7
381,49
318,46
266,15
448,45
484,3
9,2
110,32
487,27
498,40
313,8
16,32
315,45
256,20
245,3
87,21
508,17
217,37
377,43
299,22
103,14
381,1
451,8
334,31
230,30
164,26
3,5
121,20
187,40
285,13
398,48
207,22
219,29
405,3
246,21
15,26
328,32
498,20
382,49
55,39
285,17
407,5
171,3
453,24
406,11
235,1
455,38
26,19
22,16
473,16
37,10
377,30
153,38
12,38
425,30
414,6
348,8
122,45
261,38
408,31
164,31
63,36
412,28
254,40
42,35
203,39
403,30
226,12
91,4
314,49
68,20
389,45
51,49
86,48
526,22
125,37
435,33
128,11
49,28
129,20
35,14
75,44
340,44
16,48
423,30
89,41
489,29
24,19
68,18
78,8
385,9
355,30
479,6
12,22
463,41
122,3
307,28
25,37
344,16
207,32
525,48
26,32
48,7
208,10
311,31
437,50
485,27
263,15
85,48
76,37
16,21
336,41
59,19
156,37
266,49
24,15
5,35
413,50
122,43
441,23
41,19
175,24
180,10
56,29
425,50
13,13
61,43
101,49
346,32
289,13
19,19
375,39
416,32
154,38
251,23
465,21
72,42
285,38
117,32
167,31
32,27
149,50
390,34
65,27
480,27
349,25
101,17
178,47
509,14
378,41
162,9
428,16
474,7
21,12
358,3
57,9
265,38
260,7
193,41
70,2
345,38
143,11
416,1
242,26
328,45
268,13
266,16
38,10
178,28
478,8
406,46
55,11
316,6
82,40
395,44
52,2
157,31
157,28
89,1
240,4
257,24
126,24
371,21
429,22
204,14
260,26
452,23
475,8
278,42
338,43
327,7
275,48
74,32
250,32
223,15
271,24
34,38
466,39
428,5
15,9
294,49
34,12
141,21
376,43
289,41
187,32
185,39
46,10
156,38
21,24
450,13
245,41
255,20
263,19
46,28
144,32
344,49
50,37
371,25
397,6
214,23
127,5
380,10
339,38
275,10
158,44
44,27
425,15
4,41
24,50
363,2
76,9
292,35
488,4
521,47
336,12
264,23
145,39
421,10
234,40
223,16
113,29
448,24
442,47
80,28
208,42
49,10
385,34
343,11
311,44
390,45
176,15
276,19
474,45
266,46
156,4
242,1
456,38
237,36
54,13
197,3
510,9
67,12
137,12
343,50
399,13
441,33
463,4
52,44
11,44
151,1
430,18
355,47
486,34
25,43
416,39
48,3
514,8
272,49
298,16
335,50
175,1
123,42
325,6
164,2
76,32
322,39
133,4
228,12
45,17
384,6
78,10
277,1
121,15
258,27
383,26
38,50
354,1
364,22
77,38
385,24
168,18
107,33
176,5
413,32
262,43
412,7
237,34
506,13
415,12
116,48
39,14
273,2
424,21
135,16
139,48
373,36
171,24
245,13
136,28
417,31
61,26
124,9
201,20
2,10
132,16
371,4
103,48
272,35
410,20
504,39
353,38
158,38
267,17
391,29
106,49
479,24
401,39
205,31
197,41
366,40
126,8
226,11
499,45
148,49
112,19
385,37
372,26
47,50
26,11
28,46
140,3
261,11
254,43
283,46
283,35
49,39
51,31
474,16
526,10
363,6
420,42
236,14
429,8
440,14
104,48
236,37
294,33
192,26
53,25
499,27
442,3
142,28
161,23
147,33
72,38
63,16
89,31
271,31
22,11
286,19
99,33
61,14
45,11
369,27
236,38
384,20
41,46
155,13
510,15
69,50
108,49
64,13
339,29
343,29
248,32
10,19
204,7
88,40
56,14
134,40
268,38
469,30
443,43
292,3
62,26
304,10
175,26
394,5
49,17
128,48
360,22
409,44
307,4
174,12
212,27
29,48
488,20
459,36
296,1
202,10
33,45
68,30
459,42
27,4
29,15
214,12
250,30
226,7
361,27
147,41
373,30
234,20
166,46
151,20
453,49
166,10
208,19
350,27
236,11
126,22
489,15
417,24
210,22
457,50
148,41
47,38
467,19
241,37
282,44
266,3
154,11
4,37
301,15
435,34
214,2
526,2
289,25
223,47
217,41
298,25
134,46
243,26
152,17
393,17
378,39
76,41
73,10
324,28
375,23
156,44
316,49
355,12
451,41
44,21
419,21
129,33
301,34
487,32
431,38
87,17
316,27
202,31
115,13
512,6
99,7
59,2
313,13
180,34
222,24
433,8
231,16
461,27
455,9
463,19
69,12
186,29
453,33
183,44
329,25
315,11
356,14
341,4
214,1
340,39
190,16
35,4
437,38
20,47
431,14
121,12
412,41
70,50
163,1
57,7
338,16
522,47
344,19
356,38
133,19
317,3
316,15
306,18
319,31
502,44
52,43
388,48
181,49
278,1
405,6
334,2
2,43
435,49
475,49
430,40
414,28
100,3
61,16
82,34
324,47
506,16
183,43
68,29
168,25
48,9
291,46
83,49
385,31
107,41
516,17
87,19
326,7
414,39
354,20
358,21
378,7
322,8
210,18
309,24
40,2
456,46
452,43
297,14
300,4
468,36
235,11
168,36
290,48
464,35
476,6
509,43
148,33
105,9
152,10
353,9
311,5
210,12
394,3
12,49
423,22
331,32
26,39
22,25
257,22
500,3
250,39
96,34
113,17
208,4
119,50
235,29
380,33
397,24
354,45
175,45
439,13
302,38
498,24
28,10
365,50
429,18
502,30
502,27
436,15
152,50
207,29
88,24
362,22
200,1
393,21
162,7
191,44
33,3
202,30
358,9
43,25
364,48
284,31
314,3
228,14
55,48
371,42
352,34
189,10
83,42
236,23
196,27
253,7
463,38
483,43
81,20
483,8
103,4
35,31
90,36
169,30
83,10
196,18
86,37
53,5
5,17
219,16
435,14
169,29
115,48
335,7
337,12
19,24
163,39
396,25
276,49
135,15
433,47
43,46
65,13
50,2
440,50
159,17
469,13
472,40
408,45
301,22
351,12
130,39
332,11
52,30
375,30
291,4
286,39
287,12
200,14
345,19
178,21
390,14
141,50
80,43
487,49
10,47
469,45
407,29
276,46
139,12
157,25
471,17
342,10
27,38
14,21
420,5
207,14
55,50
480,7
8,6
183,41
268,4
518,4
312,29
157,5
399,17
119,33
490,1
53,36
97,15
375,35
322,10
292,18
377,2
486,49
282,5
76,3
26,34
148,6
63,43
459,26
23,21
165,1
351,42
211,9
22,24
15,31
45,29
34,41
387,23
173,42
251,9
505,8
301,7
450,50
519,14
111,3
39,28
437,33
477,25
403,21
438,5
35,8
86,35
15,7
270,22
48,4
302,2
271,34
514,50
402,48
463,50
63,12
220,17
328,17
227,48
385,47
113,39
448,40
320,17
506,22
114,19
25,49
236,44
233,34
398,50
310,8
287,24
149,26
390,2
516,41
374,20
360,48
162,16
234,23
260,40
451,1
138,23
507,16
234,28
382,35
115,46
65,45
223,25
5,32
289,11
524,29
366,41
429,36
155,12
474,26
487,7
324,44
313,23
518,6
494,2
137,16
162,28
367,46
177,17
27,30
5,43
484,40
228,5
469,37
513,31
190,22
83,36
169,40
346,47
424,15
3,48
11,12
435,45
473,26
354,40
488,45
207,43
128,39
374,42
179,37
171,5
105,23
443,35
270,27
223,29
314,45
264,21
54,37
360,30
320,15
180,19
471,48
98,22
74,22
91,38
70,38
194,45
236,24
472,21
341,28
476,26
26,8
214,21
48,25
368,16
99,27
122,21
264,5
494,32
409,10
382,37
98,42
416,43
315,3
123,4
194,37
363,21
322,24
507,9
511,41
64,22
437,11
304,40
155,19
459,8
523,35
144,13
60,1
423,27
274,45
93,42
501,37
326,27
129,43
161,30
332,21
269,33
29,5
62,25
374,11
262,44
429,43
119,25
100,41
472,20
97,36
521,26
39,12
248,50
349,16
44,5
465,43
77,1
23,9
9,43
460,40
505,31
245,4
342,26
464,25
339,43
97,19
344,33
82,36
116,30
510,19
247,12
189,45
68,12
267,50
507,17
197,20
275,34
192,42
399,45
213,47
453,8
353,49
345,32
383,9
33,5
271,26
242,9
119,35
353,42
36,43
86,3
178,38
122,40
199,20
102,37
237,9
237,18
295,50
281,9
475,18
28,2
331,13
362,45
194,48
478,20
458,5
155,26
46,3
258,29
500,21
434,11
63,30
119,31
485,37
346,7
522,11
177,49
286,26
310,34
172,32
293,29
433,46
150,31
194,31
341,8
459,21
399,37
182,1
277,37
324,38
498,13
63,32
119,29
377,4
44,7
382,18
8,34
111,2
342,25
434,46
447,2
244,46
475,40
314,39
292,24
37,30
109,2
434,45
312,25
440,29
446,13
291,44
39,3
452,20
144,6
146,7
400,22
164,28
423,16
228,2
170,10
366,46
479,1
520,23
263,41
409,27
381,39
479,49
140,13
221,21
490,41
366,4
447,34
399,50
290,20
3,21
10,44
22,19
435,2
267,37
122,18
98,26
273,33
123,41
240,2
67,35
292,40
317,22
20,31
281,44
280,25
282,40
321,14
243,36
167,29
234,17
119,38
249,2
155,49
99,44
368,11
420,39
304,33
318,6
138,40
154,26
340,48
52,49
404,9
24,22
370,17
212,29
337,15
353,6
201,28
471,45
424,37
244,32
500,33
348,32
49,8
216,18
137,9
38,47
396,16
360,29
428,18
520,34
97,40
226,49
437,3
282,17
307,19
460,28
35,41
152,36
252,25
489,42
56,39
104,50
127,33
49,13
328,6
302,43
440,19
109,31
104,31
513,5
326,21
141,13
206,26
85,29
263,23
347,48
235,44
110,16
390,12
449,40
66,7
321,26
507,22
295,43
259,17
132,29
97,35
421,4
213,18
144,48
462,16
218,10
116,17
119,24
179,38
469,5
483,27
109,33
34,46
417,28
17,9
154,5
502,5
364,17
245,22
23,32
58,26
365,43
369,19
34,19
250,41
374,18
308,20
77,34
266,26
514,32
518,44
219,39
144,34
363,10
512,43
124,11
21,11
25,17
306,7
198,6
272,17
79,35
267,8
355,24
188,39
116,36
515,29
233,37
115,23
389,41
28,4
376,24
210,39
151,37
81,48
495,30
202,29
458,4
415,11
23,38
166,37
345,7
320,11
8,46
488,37
48,22
90,8
213,36
407,4
510,5
200,50
486,14
505,19
3,46
369,4
377,15
84,3
153,21
398,17
520,1
217,47
146,22
430,20
497,27
257,18
304,41
366,45
417,14
509,48
299,11
350,47
45,34
67,10
513,17
445,20
489,37
491,24
166,8
95,16
41,45
458,20
127,27
322,1
407,24
15,39
519,30
249,47
97,17
508,10
124,7
298,20
208,38
366,22
374,44
143,12
5,46
482,4
502,25
137,19
400,16
283,5
70,37
450,44
503,32
301,36
304,11
42,19
410,39
460,50
167,28
142,19
324,1
23,7
140,37
357,7
63,19
431,21
444,26
35,21
475,29
526,44
220,44
261,44
113,6
477,6
127,46
487,31
113,36
409,29
210,28
98,7
32,24
90,12
136,30
89,39
409,30
309,50
162,23
61,32
22,46
446,32
259,39
210,6
29,35
440,33
250,47
524,50
206,48
181,42
442,2
197,16
273,13
518,15
480,19
226,10
355,2
365,15
526,29
286,1
281,40
296,3
506,14
180,28
181,6
475,7
218,25
57,48
76,20
430,29
451,13
63,10
39,34
290,23
147,45
96,5
333,43
262,30
217,48
34,30
277,23
33,43
519,26
326,13
196,4
153,4
20,34
412,35
450,43
263,26
422,34
176,6
386,17
248,2
395,26
251,34
8,20
520,10
174,41
137,27
369,46
237,25
52,40
395,21
319,1
223,30
200,11
199,50
245,46
312,26
85,20
250,43
258,34
207,44
407,40
480,20
151,44
470,27
457,28
453,37
403,40
365,27
106,5
282,12
149,41
89,22
85,18
502,14
169,8
364,14
388,33
420,50
368,24
438,3
180,47
504,10
337,37
350,32
123,48
104,22
2,44
218,11
10,39
151,47
159,24
23,19
193,26
485,43
306,22
97,34
444,36
421,30
16,33
20,14
16,29
363,40
260,22
36,5
322,43
364,13
506,30
429,47
257,10
227,47
79,12
432,10
155,45
206,22
361,33
112,34
357,26
226,19
74,46
30,35
295,16
388,36
299,30
111,44
262,13
268,36
72,26
183,10
477,4
260,8
261,48
162,30
96,47
186,42
325,13
292,34
175,9
167,36
490,25
157,46
179,11
284,29
442,16
409,36
9,12
432,26
4,7
152,35
28,40
355,31
242,46
467,39
111,47
378,24
420,17
440,3
155,14
79,4
345,31
328,43
160,26
431,47
345,16
297,11
260,21
16,38
193,17
357,22
323,38
26,2
308,27
363,25
370,27
367,23
459,44
155,34
448,7
202,8
272,43
268,12
147,16
269,5
165,30
322,49
278,35
378,30
146,1
281,29
458,47
272,15
179,28
210,35
403,27
202,28
117,14
118,49
237,15
514,16
293,1
300,25
198,50
414,20
226,21
2,3
137,25
349,46
339,12
77,35
143,20
88,36
302,44
2,17
390,43
375,21
185,18
59,10
512,17
132,28
494,20
436,38
384,19
70,39
111,9
388,31
483,39
282,42
282,32
447,35
440,25
445,22
18,31
25,40
436,13
324,4
237,12
287,46
272,34
97,14
470,36
134,26
513,49
233,35
106,44
94,43
428,26
13,7
391,1
182,48
230,37
64,47
463,33
282,11
419,20
481,24
210,33
265,2
526,37
434,2
411,24
349,17
109,45
418,38
255,43
137,5
251,33
1,16
190,17
369,24
243,46
428,50
166,20
86,49
141,23
3,8
174,45
426,46
145,4
91,30
367,45
100,5
456,23
437,34
450,46
453,32
202,17
164,13
115,33
258,8
459,45
56,18
422,23
483,50
489,13
88,35
206,46
414,41
400,25
401,34
487,5
8,49
69,10
259,23
526,9
504,6
238,30
355,21
96,43
428,20
35,13
344,14
482,18
36,1
65,50
325,29
298,14
415,50
136,22
397,37
358,4
306,1
91,21
207,25
140,47
207,3
369,25
55,6
263,39
428,17
217,38
485,35
5,4
341,30
17,25
71,30
12,37
252,21
208,13
419,5
196,28
221,46
2,1
262,29
70,25
468,26
427,37
352,26
413,28
440,4
19,6
354,2
287,40
25,2
244,43
140,31
82,33
305,12
330,36
353,18
272,3
340,50
461,31
141,25
157,49
2,39
176,39
486,42
523,47
204,17
230,38
509,50
4,21
21,6
479,11
30,26
281,7
52,45
242,32
242,14
196,30
428,30
85,36
45,46
503,26
469,19
345,42
198,36
199,18
370,28
448,48
404,20
380,17
209,44
220,30
422,50
375,44
503,31
189,1
171,2
5,10
414,5
260,29
462,25
484,29
286,30
244,37
505,46
371,50
300,47
7,23
440,37
320,10
526,5
237,13
471,36
217,46
483,26
155,3
147,34
301,31
50,6
372,21
26,35
304,13
214,15
377,23
60,43
276,36
287,50
121,9
306,29
165,40
493,10
205,48
349,10
308,40
266,25
193,13
24,2
255,46
417,47
242,12
175,38
206,10
522,19
466,20
95,15
176,48
302,22
454,8
490,2
451,34
5,37
312,37
255,16
98,38
292,32
58,50
40,19
341,45
444,10
266,30
70,17
169,10
464,37
405,20
393,27
254,27
13,29
329,11
331,29
265,50
176,13
355,17
519,38
107,29
74,34
24,39
251,27
450,24
18,13
336,6
36,47
323,47
174,44
443,16
457,3
379,50
320,21
197,40
366,33
55,14
376,1
257,20
204,35
220,20
107,25
91,6
309,49
1,7
3,26
470,47
446,2
161,49
252,5
338,40
203,49
91,22
70,49
53,26
451,36
26,4
525,34
82,26
378,4
163,4
395,8
311,17
44,45
467,29
28,47
211,18
300,2
472,7
374,16
323,4
24,40
42,5
132,35
357,44
127,42
376,26
403,18
412,46
260,38
133,37
178,7
179,33
216,36
182,3
62,22
57,25
509,46
375,31
522,29
160,35
415,2
452,25
456,34
299,5
202,18
480,12
228,26
84,20
2,2
460,22
361,41
214,18
334,29
44,44
134,31
32,49
304,5
424,49
102,38
162,17
493,45
267,16
346,21
427,42
372,29
289,32
151,18
140,35
178,39
61,19
28,8
346,30
344,35
215,43
382,38
381,33
375,38
372,48
29,37
60,18
137,49
523,17
224,49
483,23
306,43
387,11
192,5
338,31
405,24
455,15
85,34
431,36
106,21
468,49
126,40
298,33
246,7
471,42
34,8
437,43
522,28
475,25
430,48
181,33
479,13
350,42
6,25
72,30
333,26
331,49
118,13
463,14
229,12
235,6
90,24
235,14
309,2
177,44
343,6
506,43
227,18
404,22
340,34
203,34
158,37
89,16
408,11
81,46
93,11
188,23
431,16
273,49
406,45
514,20
65,3
364,31
273,10
232,26
269,36
462,46
275,16
99,32
207,48
410,28
298,42
105,6
442,29
282,25
248,39
6,37
328,22
75,38
112,18
249,13
36,39
512,30
381,37
107,24
441,32
204,19
259,1
63,48
63,25
299,45
362,38
511,3
505,7
126,44
514,3
88,46
88,50
314,34
5,40
284,40
1,42
336,31
470,45
138,22
176,45
70,14
496,29
247,50
71,1
302,11
258,17
414,13
248,46
17,19
239,28
406,1
503,3
513,50
464,9
334,38
174,50
395,23
438,35
41,13
321,2
421,31
271,29
481,19
222,40
306,11
449,32
467,11
42,8
65,31
272,27
190,10
392,12
264,46
131,7
432,15
338,32
234,8
252,4
314,31
32,8
281,30
284,35
106,3
279,13
429,35
106,14
497,42
520,16
261,23
85,12
110,40
413,45
156,49
390,29
509,27
30,6
434,1
15,29
410,31
18,50
265,20
466,34
396,19
406,31
40,43
334,4
281,34
354,34
174,20
38,37
506,34
403,31
318,15
169,1
300,50
282,13
93,48
247,20
204,11
33,41
476,5
475,37
222,33
356,42
443,27
43,47
373,24
164,18
465,37
341,44
499,43
375,19
274,19
376,8
83,7
27,19
217,16
150,8
501,29
177,48
359,31
229,8
437,12
336,24
86,34
279,42
356,1
377,50
185,6
330,37
399,25
489,44
450,40
48,19
74,42
477,41
258,12
257,37
215,6
15,40
186,15
238,36
441,30
21,17
414,2
185,44
495,1
60,30
511,10
226,5
356,28
265,15
82,23
327,48
200,18
142,42
149,46
73,1
129,31
83,14
394,22
404,44
460,45
298,28
216,34
169,17
152,48
16,13
179,2
178,2
37,14
313,47
81,49
265,13
326,31
79,23
59,22
277,6
102,40
238,44
390,50
257,49
270,25
286,31
162,48
307,22
470,9
138,19
188,31
14,32
235,9
202,5
458,49
338,23
369,7
243,28
491,16
490,40
124,20
20,41
410,30
188,3
124,17
55,46
258,49
118,11
324,14
164,17
360,43
230,33
489,47
165,4
27,1
455,10
190,7
293,28
225,24
210,13
57,31
222,13
379,21
379,35
360,42
262,21
175,6
263,20
194,38
384,49
353,41
400,44
117,47
224,47
456,20
505,28
110,25
94,4
442,41
466,48
370,36
318,32
23,4
20,36
87,11
114,48
517,44
407,18
364,23
42,45
150,14
218,15
449,3
93,36
123,19
478,44
185,45
420,12
179,10
517,20
399,22
306,17
370,3
481,42
346,37
429,25
249,23
207,42
116,50
359,12
238,25
274,7
110,7
294,29
130,5
502,35
231,9
198,4
413,25
248,8
54,8
59,47
368,2
512,38
39,33
397,31
212,30
300,40
24,12
322,4
414,4
354,50
24,32
464,40
427,1
441,7
392,41
113,10
180,9
373,35
282,7
441,47
272,4
314,14
5,14
6,4
214,8
409,46
105,1
204,43
262,14
430,43
522,42
97,11
360,31
263,44
153,16
386,36
288,5
229,22
343,20
460,8
344,46
89,37
399,40
402,49
101,32
455,29
147,14
120,29
486,24
409,32
276,20
53,9
148,8
195,41
380,46
196,12
148,40
437,8
46,37
231,45
507,46
303,14
306,23
24,45
467,34
163,37
405,42
464,33
50,15
67,33
161,14
522,3
495,11
399,43
288,48
501,38
521,45
438,37
347,26
224,12
236,7
348,37
369,22
350,10
46,41
443,29
463,2
319,27
390,35
159,16
442,48
468,2
1,21
179,3
287,26
258,35
297,17
468,5
268,7
204,28
121,14
214,36
398,15
423,38
524,19
131,8
118,6
207,41
100,17
133,1
144,41
303,33
483,28
112,28
118,43
374,38
240,30
136,11
335,37
190,41
296,37
86,32
430,14
27,26
11,25
7,32
376,5
465,48
170,39
354,41
391,31
382,45
184,4
177,11
100,42
170,8
127,15
130,30
294,40
154,35
365,26
44,8
280,41
212,39
370,10
51,4
500,11
233,45
339,2
475,30
281,24
163,35
179,27
180,32
278,23
162,38
509,30
491,36
93,20
64,40
162,47
10,48
328,11
265,29
351,25
480,36
299,7
34,5
485,48
28,38
169,7
440,20
355,33
148,37
246,30
104,1
495,40
37,46
431,44
412,9
147,21
19,9
372,35
428,41
420,25
224,8
357,19
255,17
182,34
171,9
98,39
223,45
408,16
152,12
71,5
334,48
397,35
232,3
66,45
262,20
322,13
159,11
162,5
188,24
15,47
369,14
226,44
317,16
280,48
34,9
101,9
280,26
103,18
55,43
345,24
166,3
471,43
438,13
39,32
95,27
437,42
69,29
37,24
132,9
246,36
31,32
140,50
140,10
150,15
439,33
170,5
414,11
510,32
74,43
135,31
23,16
127,37
367,24
3,17
201,18
69,22
327,37
512,36
172,44
450,18
36,3
428,44
401,24
87,23
56,6
329,33
300,37
373,14
344,9
20,27
162,21
73,27
78,25
312,4
171,16
30,29
383,23
38,3
443,31
444,24
408,3
117,30
431,48
363,39
239,31
79,50
488,16
509,45
505,16
93,18
352,14
127,24
135,35
166,18
70,27
101,41
25,6
497,14
171,7
438,27
303,29
314,50
380,48
166,39
36,25
393,34
288,14
462,17
467,42
148,38
111,24
366,3
253,32
368,3
488,32
526,19
111,20
411,44
210,11
65,12
110,19
456,12
141,5
259,7
346,42
97,48
66,4
65,47
418,49
13,48
122,14
287,31
344,40
287,4
426,22
269,2
348,10
517,10
336,43
282,43
325,39
25,30
419,24
98,20
489,22
161,22
271,9
6,10
456,44
38,12
318,17
386,29
136,1
122,48
57,38
329,19
186,18
447,48
236,34
75,14
194,1
121,49
482,47
426,34
402,5
466,12
508,25
450,29
332,8
323,49
203,30
270,13
162,45
408,44
249,27
234,37
398,36
305,50
469,3
442,36
503,18
327,49
331,10
114,47
44,1
47,2
223,36
216,38
202,9
503,6
468,29
232,11
93,8
101,27
197,1
4,1
365,16
517,16
288,30
88,15
449,37
240,38
226,48
75,1
254,37
342,11
356,2
123,15
146,43
478,12
232,28
113,15
166,24
64,43
437,17
207,20
26,1
249,29
370,37
307,50
439,3
512,47
488,24
391,28
379,17
470,39
517,4
33,23
414,29
141,14
300,21
293,41
485,2
161,9
477,14
15,44
59,43
329,35
483,12
121,27
167,21
152,29
482,45
12,26
182,18
469,24
334,28
366,28
351,7
131,25
153,18
391,39
237,11
102,2
94,27
458,48
367,37
21,20
29,21
61,37
188,10
3,23
198,38
285,44
128,45
474,19
141,30
1,47
48,5
99,26
256,33
409,9
522,46
306,35
41,5
461,37
413,42
477,34
335,39
65,19
40,45
5,44
487,26
139,23
84,48
234,16
72,48
231,3
473,33
236,8
184,2
433,50
187,21
472,39
221,2
201,5
232,23
89,11
173,39
211,13
8,3
483,44
230,7
300,36
107,6
457,23
224,46
113,30
59,44
238,31
189,32
249,18
367,29
268,47
434,19
153,50
389,19
94,25
294,43
125,40
87,29
320,1
462,35
389,26
349,34
203,24
357,47
100,28
47,30
115,11
340,16
278,8
185,47
516,14
206,13
491,23
116,5
151,23
379,1
513,43
393,8
280,5
160,37
5,25
26,6
216,15
105,19
446,28
347,50
116,31
183,50
404,48
362,20
205,45
224,41
486,9
396,10
426,15
34,21
123,23
78,22
115,9
45,27
68,7
421,32
33,39
359,22
150,10
78,21
130,11
101,40
186,12
168,49
440,35
206,29
86,13
52,48
319,26
159,36
438,45
254,34
418,30
516,28
174,37
271,7
89,45
245,27
499,15
405,44
43,28
98,5
488,40
354,37
73,21
305,38
20,43
487,10
451,3
370,20
1,25
9,27
8,42
348,15
290,40
384,7
424,4
198,17
273,23
380,32
221,37
196,34
28,3
329,12
292,33
90,33
317,17
336,7
386,21
502,47
270,10
115,31
294,3
157,1
238,34
121,48
122,27
498,50
237,7
53,1
459,31
282,28
82,9
314,26
60,8
472,32
257,14
11,50
437,7
186,26
526,6
149,24
220,25
92,8
301,9
261,47
64,4
10,20
248,31
256,50
284,49
262,36
268,10
152,9
176,35
372,45
382,17
184,47
286,2
250,11
176,27
64,11
228,36
24,3
203,44
265,22
46,19
174,7
400,23
102,17
526,26
245,10
307,10
372,41
387,17
520,30
56,33
125,19
416,37
383,49
216,3
192,6
298,22
303,9
63,29
207,19
466,1
254,4
158,11
70,13
200,33
464,26
173,24
491,26
277,40
223,3
272,44
66,10
52,27
403,8
523,4
518,29
406,2
407,50
13,43
324,36
44,32
482,38
481,6
309,45
108,1
256,6
198,9
335,4
35,34
265,3
322,30
450,36
352,45
521,35
455,28
366,50
493,47
12,14
245,32
92,11
513,46
224,50
526,50
141,22
176,3
4,4
409,47
101,30
453,42
303,32
128,22
406,40
107,21
366,48
363,41
441,41
112,8
279,29
513,15
157,6
192,2
386,47
255,2
279,34
218,2
148,24
172,28
158,19
499,38
89,47
210,30
191,15
319,25
225,22
417,4
377,36
295,44
398,47
248,13
510,4
319,37
313,49
312,9
86,2
50,48
59,29
493,37
229,50
70,32
38,4
83,23
449,42
253,46
272,41
291,18
292,21
362,46
67,41
437,49
401,21
457,19
27,35
161,4
34,28
423,35
390,40
210,24
398,28
281,10
98,50
147,20
499,2
99,9
522,13
247,18
59,6
35,36
15,8
382,12
516,1
381,6
327,29
290,26
140,42
97,13
231,26
233,31
132,26
488,29
495,43
418,1
184,17
416,25
411,12
161,5
358,6
333,18
351,14
255,31
300,20
413,30
278,37
47,4
491,33
177,37
516,8
381,13
269,42
352,17
19,42
171,46
255,15
381,21
36,19
411,21
401,47
77,26
437,35
375,26
26,15
235,41
27,3
245,38
185,48
278,49
57,41
286,9
129,25
73,37
110,28
523,49
267,21
502,22
40,39
66,24
427,38
520,38
7,45
254,3
512,11
247,2
281,11
407,12
389,34
238,20
446,30
183,24
111,41
426,30
148,35
31,38
289,21
505,49
326,22
335,28
403,43
315,34
31,28
222,17
345,36
263,9
216,30
444,7
410,33
8,18
404,25
106,45
490,24
366,5
161,28
417,40
180,8
280,4
233,30
396,3
423,12
126,48
108,24
58,47
50,19
166,4
459,34
374,39
346,5
497,8
229,2
423,28
412,29
483,31
251,46
2,48
21,16
15,25
220,2
146,50
381,20
477,49
413,47
250,29
404,42
450,19
253,36
363,15
500,24
21,19
392,33
357,1
107,46
46,5
172,6
372,22
144,25
159,26
176,43
498,33
57,32
498,21
43,7
364,6
329,18
217,1
350,41
366,15
399,4
97,8
443,37
206,15
199,1
300,28
30,31
124,4
260,3
423,13
243,21
462,39
167,25
388,41
61,3
131,20
515,14
74,17
202,13
419,23
510,18
489,11
209,29
493,29
178,24
13,47
57,50
361,31
165,46
521,8
116,44
392,23
384,48
402,37
367,20
80,17
290,44
451,6
303,20
412,1
449,30
123,33
374,33
194,34
97,2
180,21
418,46
400,46
382,13
200,36
233,6
142,46
83,35
134,33
453,1
6,44
340,33
275,28
364,8
448,17
104,20
195,24
459,23
342,43
495,12
238,45
188,18
86,4
21,9
208,30
306,39
430,27
319,12
183,34
421,37
122,6
349,49
282,10
490,16
244,13
306,34
184,3
177,27
423,46
471,16
124,6
14,48
327,22
238,32
471,1
40,4
402,36
36,15
212,37
127,22
216,12
479,18
438,29
442,31
369,37
237,38
206,44
55,29
393,41
326,3
103,31
199,46
338,2
376,10
215,17
514,48
498,48
333,14
322,27
491,27
498,37
510,31
75,30
25,5
506,35
415,34
403,44
131,11
436,30
508,38
331,38
36,18
501,43
18,32
177,30
449,26
84,49
21,35
232,20
196,29
292,7
219,38
355,42
507,7
294,18
356,37
515,2
159,50
264,32
410,35
107,37
374,13
108,33
164,48
187,16
151,17
467,33
349,38
204,6
96,6
274,4
468,37
69,40
453,40
357,3
227,26
231,30
253,47
337,21
67,42
482,48
83,28
51,41
409,38
225,8
323,34
482,44
3,6
72,12
376,36
204,42
471,41
213,26
181,12
297,29
464,16
368,15
372,17
15,43
99,35
277,44
93,31
288,37
468,30
88,19
473,29
131,43
328,29
133,20
192,47
195,44
311,16
314,42
354,16
496,12
129,36
88,37
368,17
488,31
300,30
294,23
415,38
9,9
371,28
217,44
422,27
372,13
17,18
66,12
209,36
347,12
294,21
329,39
123,2
153,6
65,46
288,8
498,12
173,50
237,47
388,19
218,45
390,18
251,45
434,13
283,13
63,34
155,6
219,32
74,1
495,50
492,39
19,1
234,12
393,14
356,35
79,34
317,44
404,28
404,32
238,18
210,9
120,49
452,7
420,3
520,3
74,25
191,3
511,49
243,48
106,32
199,3
177,33
462,15
495,15
88,49
86,24
107,17
209,9
397,5
524,40
387,15
334,9
124,30
462,38
232,8
249,46
53,34
475,15
480,49
38,30
365,46
38,35
333,3
190,20
462,33
375,46
460,13
410,13
193,14
141,20
276,32
247,3
188,28
181,4
271,14
478,9
297,9
421,23
23,5
70,21
353,33
502,45
330,24
127,3
244,22
244,30
418,24
312,21
3,20
142,10
58,43
233,28
22,43
432,29
350,19
364,20
511,30
494,13
301,47
222,35
8,15
241,11
148,1
8,28
306,47
513,4
216,16
272,10
475,17
422,8
436,24
288,32
362,1
170,27
57,6
465,39
13,30
280,15
366,34
121,45
370,24
45,1
358,32
333,27
419,36
365,19
62,39
33,1
75,22
475,4
61,11
187,9
122,22
492,21
79,24
448,11
136,19
216,48
427,48
152,45
439,41
184,40
319,11
363,13
183,8
418,29
254,22
119,37
156,30
435,46
111,10
290,41
1,19
17,24
391,22
326,19
27,14
303,17
470,15
39,24
68,14
494,18
484,25
3,24
297,32
429,30
83,30
165,47
525,25
86,27
378,43
509,1
448,5
246,18
46,36
144,39
216,39
45,35
257,16
82,18
115,3
263,50
155,23
208,50
479,35
223,35
272,36
242,47
104,30
329,41
494,45
433,36
18,40
283,23
350,35
349,12
99,24
30,49
96,38
222,25
230,25
185,50
434,22
462,27
415,29
374,43
235,16
451,19
230,2
190,50
302,26
256,5
214,45
20,23
161,45
71,38
130,2
22,34
428,45
393,23
383,5
451,10
416,40
288,25
332,38
302,8
520,22
60,2
82,2
440,24
224,9
349,26
498,43
264,19
11,33
418,32
442,15
318,2
165,8
138,7
376,33
291,3
34,10
400,20
206,38
66,14
147,12
448,21
238,8
169,6
17,2
467,5
104,44
71,20
327,19
250,49
423,47
501,50
216,6
251,35
290,13
190,34
234,32
217,25
347,11
304,16
176,31
168,50
385,8
325,49
201,13
234,41
362,39
312,20
283,12
483,45
351,19
254,48
57,40
3,39
444,17
54,40
12,13
434,17
524,26
262,22
516,38
105,16
275,6
261,45
470,26
65,23
385,42
488,30
150,38
249,11
153,17
519,18
415,16
292,5
524,4
12,44
213,2
296,33
385,17
412,34
509,22
521,25
33,49
472,26
368,21
363,24
333,2
41,24
401,30
486,39
522,14
25,29
84,19
502,16
242,30
420,31
147,49
197,34
332,22
450,34
392,47
417,42
11,5
404,35
169,11
502,29
146,4
373,25
259,9
321,50
293,22
115,47
416,47
366,27
31,48
105,7
182,11
398,44
446,46
507,10
353,17
208,11
270,3
62,29
361,50
318,44
486,3
235,13
59,36
504,17
105,43
239,5
397,25
477,9
332,7
232,45
53,16
157,13
110,26
435,12
474,5
270,12
64,25
99,3
14,35
77,41
500,10
280,24
395,50
77,12
222,45
13,12
305,2
29,3
333,10
457,35
525,45
320,48
123,5
310,18
449,5
336,30
298,21
293,5
505,40
455,39
413,13
120,37
36,22
4,2
409,15
461,10
376,40
86,41
264,9
260,14
349,42
494,25
464,6
329,44
424,34
303,37
52,38
326,47
364,37
443,33
276,15
222,2
67,25
254,16
323,30
202,19
381,35
291,37
109,32
309,36
190,40
405,2
457,42
80,45
202,25
129,23
476,20
169,43
487,24
395,10
519,17
375,2
345,10
100,31
456,31
9,33
190,11
289,46
380,9
66,11
203,36
225,14
417,39
90,6
459,46
140,8
315,6
337,27
121,24
69,39
131,13
128,32
393,4
368,33
260,44
321,15
132,44
480,9
233,8
325,41
169,16
503,15
330,13
202,23
327,2
257,19
40,41
422,48
303,4
402,22
504,45
199,7
279,28
496,1
496,32
499,11
521,15
286,8
32,17
273,25
38,5
414,25
311,47
20,17
278,16
144,20
235,21
124,22
496,5
446,15
360,47
352,50
218,46
163,7
487,45
332,45
144,9
154,6
55,32
418,12
10,13
166,28
453,41
222,16
290,3
321,30
297,43
2,45
261,17
157,40
44,20
190,8
390,26
332,28
441,21
352,19
173,8
63,31
175,3
80,30
87,31
378,1
400,34
419,2
312,50
164,16
409,23
203,18
282,3
171,11
298,49
333,48
335,46
449,7
306,37
90,20
261,31
68,8
48,38
261,30
302,47
162,1
97,44
302,21
506,33
200,48
15,50
467,13
163,20
494,7
263,24
2,4
513,12
244,3
423,32
480,48
471,40
381,23
423,37
119,10
172,19
312,15
422,9
29,30
351,24
447,7
94,37
234,25
476,22
65,6
346,38
372,33
242,34
262,10
267,11
116,24
280,19
149,9
274,20
402,12
120,34
137,4
422,36
123,9
341,11
336,29
438,4
178,49
12,8
249,40
521,13
418,44
56,48
216,37
471,2
205,37
520,11
134,4
326,45
482,50
79,13
316,45
40,5
34,42
193,38
455,41
363,11
66,31
13,15
337,32
295,11
93,5
507,41
460,39
396,45
383,14
186,49
179,24
49,44
194,19
335,5
36,26
129,2
54,6
94,38
224,28
364,40
349,15
505,39
335,42
26,45
365,24
511,27
83,1
10,45
152,1
178,16
212,3
42,20
250,5
323,48
253,45
81,16
314,22
519,47
130,9
449,8
255,33
40,34
392,7
200,46
204,49
64,41
416,2
277,28
484,7
243,41
10,4
22,32
401,16
428,33
164,4
240,1
387,39
215,38
495,18
479,50
31,50
105,5
67,19
286,34
117,35
345,47
28,7
49,22
418,50
318,31
72,43
243,4
56,13
388,42
289,7
388,22
169,4
108,12
406,41
304,38
85,21
233,4
148,16
387,20
346,23
379,7
249,41
62,40
242,36
429,33
294,6
223,20
288,2
91,1
314,15
168,28
137,26
389,1
210,23
273,32
279,41
492,35
93,13
22,17
457,2
53,30
114,8
346,12
318,41
77,20
296,27
10,10
244,28
143,1
269,37
522,1
197,38
499,10
21,43
205,4
149,14
61,48
481,13
320,33
402,13
518,20
166,36
292,2
64,33
338,9
306,42
220,22
308,5
219,13
337,33
209,21
140,7
16,12
144,18
139,21
249,33
415,25
445,44
154,16
142,6
175,5
139,31
495,33
323,11
439,7
174,46
62,8
187,22
175,43
123,18
47,14
152,21
303,22
469,14
314,47
374,8
204,5
273,46
63,1
209,50
331,44
292,17
179,32
182,49
512,33
203,11
36,37
495,31
407,11
53,24
31,37
394,39
104,3
158,20
421,24
382,32
467,37
385,38
144,15
221,26
483,49
292,12
295,27
132,24
81,7
260,15
131,41
214,35
29,1
417,6
190,21
150,21
83,45
169,33
451,48
364,15
116,15
481,45
152,32
140,39
281,1
230,35
270,34
232,12
512,12
502,11
262,26
117,38
418,26
90,11
403,49
451,7
453,20
39,13
64,48
73,8
33,31
277,26
112,4
361,14
388,27
263,48
425,47
287,25
382,9
5,48
1,17
13,18
31,44
9,26
33,10
391,4
104,15
301,48
515,26
210,5
230,28
112,50
58,35
421,48
159,19
380,37
441,18
108,48
397,16
198,23
488,18
432,14
239,25
90,42
378,15
297,10
458,14
218,37
398,11
129,13
208,5
310,21
222,43
485,39
339,44
284,17
24,38
327,39
235,23
242,44
441,6
90,44
490,47
476,25
49,12
33,38
2,11
374,49
113,21
221,23
343,36
23,20
463,29
114,29
43,33
228,19
19,33
361,45
234,47
462,18
63,46
133,46
367,28
128,26
5,6
177,42
515,43
128,19
376,42
417,30
65,21
1,43
526,11
180,22
29,19
476,36
128,13
285,30
67,5
23,23
10,26
205,10
381,26
389,13
214,3
261,39
184,10
380,38
300,45
314,21
222,22
457,18
382,3
383,35
385,48
254,47
138,25
321,12
357,42
334,50
145,28
215,32
229,38
249,49
58,13
156,6
54,38
267,47
460,43
199,42
163,3
336,3
313,7
392,31
77,15
44,17
64,32
478,4
138,34
151,8
526,35
102,27
141,29
433,28
135,27
239,15
119,17
363,17
416,20
502,42
272,2
413,40
358,49
106,7
56,21
390,19
478,23
390,49
339,22
337,49
171,39
178,36
388,24
53,27
20,24
158,25
42,36
510,41
393,39
436,8
360,23
90,17
463,47
210,26
422,33
517,1
289,20
134,7
399,12
444,21
478,49
367,33
32,47
266,48
514,22
407,19
57,2
409,22
267,12
119,41
214,16
476,10
13,22
220,42
254,30
465,30
211,8
359,43
15,32
141,33
13,14
108,14
252,10
17,22
471,23
272,32
58,7
68,32
197,5
443,13
342,28
274,21
80,39
340,41
94,16
453,21
336,25
79,36
103,8
35,30
385,3
24,25
65,48
357,13
137,41
449,14
77,49
11,4
410,42
154,34
404,13
40,7
391,19
134,17
420,19
514,47
290,45
367,48
329,7
487,28
55,7
321,33
465,22
265,9
129,35
362,28
238,9
251,15
110,6
478,40
337,48
170,17
456,36
115,5
172,48
88,20
99,10
83,17
323,40
436,6
377,27
238,19
406,34
479,23
118,21
312,2
303,1
13,1
250,15
458,26
227,50
384,30
487,39
319,46
391,15
163,18
184,42
466,4
325,20
286,47
124,27
177,28
29,42
62,48
389,29
99,12
39,44
427,47
169,24
112,12
108,29
13,5
189,14
175,8
160,13
162,12
120,18
85,17
341,40
515,5
112,32
503,23
424,31
153,24
254,18
101,23
462,42
174,48
339,45
399,42
453,4
283,25
285,11
176,41
168,17
422,17
19,35
144,33
68,15
454,3
70,36
70,35
302,30
25,19
264,28
80,24
47,17
417,36
35,6
424,19
188,15
321,48
272,28
46,48
102,47
475,12
92,34
387,32
55,23
69,30
377,16
381,43
492,4
486,8
28,16
66,23
271,32
512,22
468,4
178,14
491,43
385,43
460,11
400,31
27,33
356,39
385,11
169,44
483,3
309,30
204,4
155,29
470,31
473,9
298,30
126,47
100,49
369,28
332,1
298,6
106,50
418,19
264,47
140,15
181,29
145,3
138,11
164,10
244,48
46,1
65,15
24,36
418,39
417,23
512,32
461,30
318,39
290,4
210,44
150,35
396,12
283,18
418,47
383,38
84,38
264,42
523,33
108,31
28,6
235,26
53,6
89,13
448,33
138,39
427,21
413,12
266,1
44,15
283,39
458,1
286,10
6,14
146,27
215,18
114,44
315,18
351,27
301,40
120,7
143,13
168,35
524,21
370,22
142,23
4,44
260,6
37,41
225,39
380,14
520,4
207,50
405,21
317,8
386,48
14,26
281,47
348,44
170,43
90,26
411,14
454,23
174,21
429,49
77,29
404,14
511,20
252,41
400,39
286,12
333,17
22,4
189,31
276,37
458,19
337,39
504,30
78,17
291,47
166,1
496,23
389,27
169,20
84,43
272,7
25,12
425,24
56,1
34,11
103,19
421,14
204,16
69,34
475,50
92,17
259,50
129,16
320,9
178,23
257,2
444,16
384,9
524,27
161,2
297,47
76,50
110,20
426,49
434,6
340,32
345,2
241,16
29,43
74,36
137,28
31,45
135,8
87,38
161,32
170,33
325,31
179,23
51,48
280,11
119,44
81,5
508,3
163,43
447,6
122,20
380,49
305,41
173,40
263,33
1,10
404,43
441,48
105,20
171,36
482,3
223,8
398,14
276,5
98,9
210,29
325,46
199,40
84,24
232,17
16,49
50,35
123,43
187,20
172,5
279,32
165,17
509,28
311,20
435,19
284,41
184,7
155,18
53,23
481,9
488,43
135,40
62,14
468,6
471,25
435,3
250,24
195,40
455,45
395,49
469,43
152,49
94,39
14,34
186,40
74,23
239,14
192,43
445,47
443,39
518,28
377,26
297,49
4,36
273,29
308,46
297,15
187,6
457,38
48,47
372,11
247,31
186,25
280,28
504,21
407,37
39,9
338,29
421,8
233,7
158,48
117,37
502,24
514,21
431,23
397,49
356,34
227,19
228,49
137,34
167,39
27,22
147,29
8,45
178,40
377,40
456,19
384,2
503,20
436,31
263,31
15,38
251,11
242,50
49,42
481,29
393,3
211,44
476,45
343,18
218,44
229,32
6,38
91,18
79,37
444,9
474,11
347,29
1,38
413,1
484,5
403,14
449,13
497,28
509,38
217,3
214,28
242,19
229,10
232,35
197,19
189,23
423,43
168,32
52,12
263,17
12,40
322,14
311,32
457,40
131,27
175,12
136,13
348,21
175,16
72,9
9,7
405,23
462,31
273,35
425,37
464,18
467,4
378,47
330,4
82,41
342,37
144,16
437,48
108,26
370,38
164,8
503,27
258,9
472,48
517,39
492,11
399,27
213,49
450,17
370,39
376,50
29,13
286,43
156,42
152,13
502,43
53,41
57,17
298,5
153,46
502,34
408,42
222,20
512,35
69,24
471,24
93,4
107,7
73,48
487,20
40,35
484,36
7,4
184,9
63,23
90,13
439,48
227,33
210,1
496,25
217,34
65,34
125,44
270,45
14,18
354,47
369,35
164,14
406,24
492,30
240,13
164,24
230,3
442,11
252,29
162,11
126,50
493,27
427,14
167,49
416,24
119,27
359,17
255,10
20,18
76,31
409,12
502,48
115,18
175,29
75,20
169,21
232,19
331,4
361,49
370,46
469,6
474,38
490,48
477,7
276,1
376,46
445,42
333,23
439,37
119,9
376,7
61,28
467,16
390,31
294,9
417,18
10,38
322,3
436,16
279,6
198,22
235,45
409,18
175,37
429,48
161,36
189,39
232,7
523,28
204,34
281,41
461,3
225,18
120,38
393,15
50,36
417,5
514,15
383,16
426,40
236,30
261,15
358,43
450,33
164,15
155,25
42,30
17,37
383,47
462,22
313,5
189,42
473,21
503,33
245,17
15,36
30,1
191,42
447,12
456,15
491,22
345,12
287,19
281,15
278,40
145,21
71,3
352,32
295,29
121,42
410,36
289,6
132,7
367,5
333,1
134,37
237,45
309,12
204,3
53,22
92,39
225,49
144,49
444,20
442,1
349,35
190,26
103,39
378,11
179,42
336,9
519,22
265,30
485,3
375,25
143,24
491,4
459,16
328,21
168,6
384,43
503,11
223,12
508,2
515,27
427,39
289,1
131,46
395,42
381,2
326,11
127,50
28,32
236,27
49,33
113,2
137,45
470,28
467,7
331,28
520,7
197,45
78,2
315,25
348,49
117,3
405,11
316,4
438,15
488,41
95,33
199,6
337,26
392,28
305,13
75,25
28,28
5,16
208,29
406,30
371,48
29,47
434,27
292,42
516,9
190,35
237,1
514,39
367,34
426,37
239,30
356,43
274,47
172,38
245,44
510,14
205,40
113,28
39,7
410,6
104,8
372,6
363,31
206,20
349,21
436,50
282,6
415,4
339,17
395,41
37,3
120,43
219,31
322,35
149,11
220,21
325,27
257,28
396,18
35,24
64,12
510,23
60,36
476,37
461,19
428,7
507,28
101,47
334,44
446,20
466,40
431,50
37,6
137,22
3,7
293,19
386,8
211,2
467,44
145,20
287,8
251,40
445,26
239,18
365,49
346,26
211,39
178,29
501,49
362,21
85,22
3,47
8,27
131,47
504,44
104,2
34,20
265,1
254,50
478,25
524,47
5,21
143,44
193,32
270,20
233,5
61,24
354,35
461,6
245,29
62,33
255,9
255,28
144,31
139,8
104,34
168,40
436,47
213,17
506,28
273,28
352,41
188,34
394,4
138,50
129,4
257,11
514,46
524,5
169,41
439,30
251,49
148,48
447,1
451,24
144,7
251,25
274,42
390,41
424,1
188,7
55,45
146,17
223,50
296,17
36,31
506,49
345,48
130,24
371,15
331,7
21,36
6,48
102,28
100,22
42,4
118,9
209,23
355,20
204,23
91,46
14,17
417,17
506,41
15,19
482,13
154,32
171,37
206,5
510,11
221,15
16,22
254,35
139,13
469,34
162,43
412,38
95,43
62,38
151,50
422,4
179,8
46,33
308,1
494,48
462,4
57,16
10,3
165,14
204,29
83,41
521,1
474,48
456,35
423,4
506,39
354,46
400,36
113,20
502,40
448,30
151,15
258,41
323,41
381,48
258,21
453,14
158,5
46,8
491,12
213,48
408,19
172,3
239,21
123,7
236,20
485,17
65,41
87,25
240,36
243,39
403,15
309,14
289,28
106,12
50,42
464,11
177,15
241,32
41,35
188,41
233,11
485,40
92,6
260,47
448,36
158,13
78,43
481,8
172,11
260,10
9,44
294,25
379,37
494,35
339,46
98,8
100,14
498,39
439,28
399,24
371,5
97,39
254,12
76,34
107,22
327,47
179,16
75,27
274,31
171,41
107,3
271,1
494,23
103,35
223,9
263,13
19,48
37,19
212,24
146,34
12,34
339,50
1,1
345,6
79,3
116,46
35,10
413,14
452,46
297,18
434,36
92,27
416,12
10,32
385,46
517,13
449,15
305,11
98,31
212,18
412,21
358,34
11,46
287,43
44,4
514,1
413,36
395,33
401,15
209,42
507,44
373,1
273,37
525,38
162,44
95,48
395,46
248,48
171,21
229,6
155,8
452,31
382,7
12,2
184,35
269,50
141,39
472,41
514,2
238,35
6,26
356,26
80,25
471,9
173,9
26,41
446,37
270,31
464,14
275,2
100,47
327,12
179,22
263,32
4,43
78,28
45,30
32,35
5,30
306,12
226,20
521,40
455,16
245,43
317,36
356,40
275,49
374,37
44,19
350,48
264,6
376,28
286,7
465,38
228,18
414,31
485,4
134,5
176,28
14,46
443,48
310,12
456,10
354,23
30,12
359,18
517,38
399,36
5,12
48,6
326,4
240,26
482,31
483,30
188,36
228,9
86,21
60,12
255,35
3,10
94,42
223,46
421,50
423,7
34,13
221,24
375,17
339,24
89,48
366,39
454,6
147,18
249,5
201,34
198,25
4,9
225,35
524,23
277,33
94,20
71,48
193,42
178,48
519,16
485,13
47,39
91,44
342,48
351,21
265,41
178,45
21,15
393,18
419,45
425,32
35,2
384,11
346,31
517,25
123,24
507,32
191,35
20,28
475,32
94,41
387,49
39,8
412,45
473,48
1,13
397,47
149,48
91,3
392,19
143,16
264,26
74,28
248,25
8,7
178,42
230,8
327,9
450,22
411,17
87,24
364,35
346,40
436,39
326,50
222,6
208,12
77,11
92,46
181,9
200,43
307,26
388,45
19,30
426,16
98,13
58,6
342,24
185,10
240,23
342,35
182,19
129,39
47,40
232,43
253,44
417,26
176,19
277,35
266,28
174,10
329,47
452,12
517,5
465,44
247,26
305,24
182,37
390,22
473,46
362,40
482,6
230,44
390,33
195,28
102,42
359,7
500,2
512,21
72,8
64,5
90,15
319,18
481,37
44,10
400,40
408,12
353,43
288,11
390,37
199,30
429,6
190,12
295,31
433,3
451,37
213,5
133,27
197,18
159,37
514,37
452,39
226,42
41,22
89,42
426,48
360,33
373,13
435,41
165,11
112,21
120,42
210,38
33,35
20,2
243,49
371,2
202,4
22,21
285,15
276,30
180,26
440,40
126,32
387,24
325,14
313,37
128,25
433,17
112,26
443,4
277,9
507,1
505,12
452,13
154,17
28,39
138,12
208,28
291,40
299,32
240,27
495,48
195,21
388,49
435,31
9,49
32,16
323,46
211,4
96,27
454,34
67,30
241,19
242,11
474,9
244,26
73,49
472,28
398,3
353,21
264,8
4,13
377,25
492,3
92,33
157,45
431,5
203,4
19,44
461,9
350,30
142,33
208,41
155,28
475,14
426,1
436,12
67,9
449,33
92,41
34,2
90,31
401,27
129,9
30,2
398,24
115,24
87,41
256,19
134,50
293,40
240,14
275,19
524,14
48,46
312,19
69,42
152,7
422,49
328,35
163,16
106,29
265,14
372,23
499,47
311,45
381,12
391,20
498,26
126,41
460,29
124,15
499,46
388,12
256,26
506,42
105,48
457,5
495,13
359,50
436,46
157,8
516,4
281,31
72,13
192,38
145,48
48,23
424,6
86,26
34,32
470,5
158,18
307,41
452,11
373,19
26,44
319,6
110,22
120,23
513,7
68,33
229,30
54,4
73,46
68,34
60,48
431,37
177,31
267,6
127,47
120,25
204,36
303,11
137,11
200,8
306,14
487,19
519,7
50,50
337,46
236,2
59,49
200,29
260,45
352,7
6,9
348,2
141,36
221,20
121,5
235,35
412,32
2,30
335,45
389,47
526,16
326,12
421,45
516,2
440,45
18,43
334,25
438,9
510,26
486,11
376,3
432,34
39,40
41,28
138,3
231,13
144,27
393,6
481,10
355,1
52,6
195,15
254,20
445,31
375,1
